2026-05-13T08:51:39.959+05:30  INFO 14544 --- [resource-infra-service] [restartedMain] c.e.d.ResourceInfraServiceApplication    : Starting ResourceInfraServiceApplication using Java 21.0.8 with PID 14544 (C:\Users\2481450\OneDrive - Cognizant\Desktop\green-gov-microservice\resource-infra-service\target\classes started by 2481450 in C:\Users\2481450\OneDrive - Cognizant\Desktop\green-gov-microservice\resource-infra-service)
2026-05-13T08:51:39.959+05:30  INFO 14544 --- [resource-infra-service] [restartedMain] c.e.d.ResourceInfraServiceApplication    : No active profile set, falling back to 1 default profile: "default"
2026-05-13T08:51:39.963+05:30  INFO 14544 --- [resource-infra-service] [restartedMain] o.s.c.c.c.ConfigServerConfigDataLoader   : Fetching config from server at : http://localhost:8711
2026-05-13T08:51:39.963+05:30  INFO 14544 --- [resource-infra-service] [restartedMain] o.s.c.c.c.ConfigServerConfigDataLoader   : Located environment: name=resource-infra-service, profiles=[default], label=null, version=cce02294c53cbe23bacad52895bb56ea0cfeeb6e, state=
2026-05-13T08:51:40.595+05:30  INFO 14544 --- [resource-infra-service] [restartedMain] .s.d.r.c.RepositoryConfigurationDelegate : Bootstrapping Spring Data JPA repositories in DEFAULT mode.
2026-05-13T08:51:40.616+05:30  INFO 14544 --- [resource-infra-service] [restartedMain] .s.d.r.c.RepositoryConfigurationDelegate : Finished Spring Data repository scanning in 18 ms. Found 2 JPA repository interfaces.
2026-05-13T08:51:40.788+05:30  INFO 14544 --- [resource-infra-service] [restartedMain] o.s.cloud.context.scope.GenericScope     : BeanFactory id=74d08662-4b7a-3878-81a1-ae2a05ebcfff
2026-05-13T08:51:41.047+05:30  INFO 14544 --- [resource-infra-service] [restartedMain] o.s.boot.tomcat.TomcatWebServer          : Tomcat initialized with port 8082 (http)
2026-05-13T08:51:41.049+05:30  INFO 14544 --- [resource-infra-service] [restartedMain] o.apache.catalina.core.StandardService   : Starting service [Tomcat]
2026-05-13T08:51:41.049+05:30  INFO 14544 --- [resource-infra-service] [restartedMain] o.apache.catalina.core.StandardEngine    : Starting Servlet engine: [Apache Tomcat/11.0.20]
2026-05-13T08:51:41.098+05:30  INFO 14544 --- [resource-infra-service] [restartedMain] b.w.c.s.WebApplicationContextInitializer : Root WebApplicationContext: initialization completed in 1133 ms
2026-05-13T08:51:41.378+05:30  INFO 14544 --- [resource-infra-service] [restartedMain] org.hibernate.orm.jpa                    : HHH008540: Processing PersistenceUnitInfo [name: default]
2026-05-13T08:51:41.415+05:30  INFO 14544 --- [resource-infra-service] [restartedMain] o.s.o.j.p.SpringPersistenceUnitInfo      : No LoadTimeWeaver setup: ignoring JPA class transformer
2026-05-13T08:51:41.418+05:30  INFO 14544 --- [resource-infra-service] [restartedMain] com.zaxxer.hikari.HikariDataSource       : HikariPool-2 - Starting...
2026-05-13T08:51:41.435+05:30  INFO 14544 --- [resource-infra-service] [restartedMain] com.zaxxer.hikari.pool.HikariPool        : HikariPool-2 - Added connection com.mysql.cj.jdbc.ConnectionImpl@38d8759e
2026-05-13T08:51:41.435+05:30  INFO 14544 --- [resource-infra-service] [restartedMain] com.zaxxer.hikari.HikariDataSource       : HikariPool-2 - Start completed.
2026-05-13T08:51:41.438+05:30  WARN 14544 --- [resource-infra-service] [restartedMain] org.hibernate.orm.deprecation            : HHH90000025: MySQLDialect does not need to be specified explicitly using 'hibernate.dialect' (remove the property setting and it will be selected by default)
2026-05-13T08:51:41.439+05:30  INFO 14544 --- [resource-infra-service] [restartedMain] org.hibernate.orm.connections.pooling    : HHH10001005: Database info:
	Database JDBC URL [jdbc:mysql://localhost:3306/GreenGov_Microservice?createDatabaseIfNotExist=true]
	Database driver: MySQL Connector/J
	Database dialect: MySQLDialect
	Database version: 8.0.44
	Default catalog/schema: GreenGov_Microservice/undefined
	Autocommit mode: undefined/unknown
	Isolation level: REPEATABLE_READ [default REPEATABLE_READ]
	JDBC fetch size: none
	Pool: DataSourceConnectionProvider
	Minimum pool size: undefined/unknown
	Maximum pool size: undefined/unknown
2026-05-13T08:51:41.510+05:30  INFO 14544 --- [resource-infra-service] [restartedMain] org.hibernate.orm.core                   : HHH000489: No JTA platform available (set 'hibernate.transaction.jta.platform' to enable JTA platform integration)
2026-05-13T08:51:41.567+05:30  INFO 14544 --- [resource-infra-service] [restartedMain] j.LocalContainerEntityManagerFactoryBean : Initialized JPA EntityManagerFactory for persistence unit 'default'
2026-05-13T08:51:41.764+05:30  WARN 14544 --- [resource-infra-service] [restartedMain] JpaBaseConfiguration$JpaWebConfiguration : spring.jpa.open-in-view is enabled by default. Therefore, database queries may be performed during view rendering. Explicitly configure spring.jpa.open-in-view to disable this warning
2026-05-13T08:51:41.882+05:30  INFO 14544 --- [resource-infra-service] [restartedMain] o.s.c.openfeign.FeignClientFactoryBean   : For 'SUSTAINABILITYPROJECTSERVICE' URL not provided. Will try picking an instance via load-balancing.
2026-05-13T08:51:42.021+05:30  INFO 14544 --- [resource-infra-service] [restartedMain] o.s.c.openfeign.FeignClientFactoryBean   : For 'NOTIFICATIONS-SERVICE' URL not provided. Will try picking an instance via load-balancing.
2026-05-13T08:51:43.094+05:30  INFO 14544 --- [resource-infra-service] [restartedMain] DiscoveryClientOptionalArgsConfiguration : Eureka HTTP Client uses RestClient.
2026-05-13T08:51:43.157+05:30  WARN 14544 --- [resource-infra-service] [restartedMain] iguration$LoadBalancerCaffeineWarnLogger : Spring Cloud LoadBalancer is currently working with the default cache. While this cache implementation is useful for development and tests, it's recommended to use Caffeine cache in production.You can switch to using Caffeine cache, by adding it and org.springframework.cache.caffeine.CaffeineCacheManager to the classpath.
2026-05-13T08:51:43.178+05:30  INFO 14544 --- [resource-infra-service] [restartedMain] o.s.b.a.e.web.EndpointLinksResolver      : Exposing 1 endpoint beneath base path '/actuator'
2026-05-13T08:51:43.230+05:30  INFO 14544 --- [resource-infra-service] [restartedMain] o.s.c.n.eureka.InstanceInfoFactory       : Setting initial instance status as: STARTING
2026-05-13T08:51:43.238+05:30  INFO 14544 --- [resource-infra-service] [restartedMain] com.netflix.discovery.DiscoveryClient    : Initializing Eureka in region us-east-1
2026-05-13T08:51:43.238+05:30  INFO 14544 --- [resource-infra-service] [restartedMain] c.n.d.s.r.aws.ConfigClusterResolver      : Resolving eureka endpoints via configuration
2026-05-13T08:51:43.238+05:30  INFO 14544 --- [resource-infra-service] [restartedMain] com.netflix.discovery.DiscoveryClient    : Disable delta property : false
2026-05-13T08:51:43.238+05:30  INFO 14544 --- [resource-infra-service] [restartedMain] com.netflix.discovery.DiscoveryClient    : Single vip registry refresh property : null
2026-05-13T08:51:43.238+05:30  INFO 14544 --- [resource-infra-service] [restartedMain] com.netflix.discovery.DiscoveryClient    : Force full registry fetch : false
2026-05-13T08:51:43.238+05:30  INFO 14544 --- [resource-infra-service] [restartedMain] com.netflix.discovery.DiscoveryClient    : Application is null : false
2026-05-13T08:51:43.238+05:30  INFO 14544 --- [resource-infra-service] [restartedMain] com.netflix.discovery.DiscoveryClient    : Registered Applications size is zero : true
2026-05-13T08:51:43.238+05:30  INFO 14544 --- [resource-infra-service] [restartedMain] com.netflix.discovery.DiscoveryClient    : Application version is -1: true
2026-05-13T08:51:43.238+05:30  INFO 14544 --- [resource-infra-service] [restartedMain] com.netflix.discovery.DiscoveryClient    : Getting all instance registry info from the eureka server
2026-05-13T08:51:43.276+05:30  INFO 14544 --- [resource-infra-service] [restartedMain] com.netflix.discovery.DiscoveryClient    : The response status is 200
2026-05-13T08:51:43.277+05:30  INFO 14544 --- [resource-infra-service] [restartedMain] com.netflix.discovery.DiscoveryClient    : Starting heartbeat executor: renew interval is: 30
2026-05-13T08:51:43.277+05:30  INFO 14544 --- [resource-infra-service] [restartedMain] c.n.discovery.InstanceInfoReplicator     : InstanceInfoReplicator onDemand update allowed rate per min is 4
2026-05-13T08:51:43.278+05:30  INFO 14544 --- [resource-infra-service] [restartedMain] com.netflix.discovery.DiscoveryClient    : Discovery Client initialized at timestamp 1778642503278 with initial instances count: 10
2026-05-13T08:51:43.288+05:30  INFO 14544 --- [resource-infra-service] [restartedMain] o.s.c.n.e.s.EurekaServiceRegistry        : Registering application RESOURCE-INFRA-SERVICE with eureka with status UP
2026-05-13T08:51:43.289+05:30  INFO 14544 --- [resource-infra-service] [restartedMain] com.netflix.discovery.DiscoveryClient    : Saw local status change event StatusChangeEvent [timestamp=1778642503289, current=UP, previous=STARTING]
2026-05-13T08:51:43.289+05:30  INFO 14544 --- [resource-infra-service] [DiscoveryClient-InstanceInfoReplicator-%d] com.netflix.discovery.DiscoveryClient    : DiscoveryClient_RESOURCE-INFRA-SERVICE/LTIN703242.cts.com:resource-infra-service:8082: registering service...
2026-05-13T08:51:43.294+05:30  INFO 14544 --- [resource-infra-service] [restartedMain] o.s.boot.tomcat.TomcatWebServer          : Tomcat started on port 8082 (http) with context path '/'
2026-05-13T08:51:43.295+05:30  INFO 14544 --- [resource-infra-service] [restartedMain] .s.c.n.e.s.EurekaAutoServiceRegistration : Updating port to 8082
2026-05-13T08:51:43.305+05:30  INFO 14544 --- [resource-infra-service] [DiscoveryClient-InstanceInfoReplicator-%d] com.netflix.discovery.DiscoveryClient    : DiscoveryClient_RESOURCE-INFRA-SERVICE/LTIN703242.cts.com:resource-infra-service:8082 - registration status: 204
2026-05-13T08:51:43.307+05:30  INFO 14544 --- [resource-infra-service] [restartedMain] c.e.d.ResourceInfraServiceApplication    : Started ResourceInfraServiceApplication in 4.754 seconds (process running for 1404.068)
2026-05-13T08:51:43.311+05:30  INFO 14544 --- [resource-infra-service] [restartedMain] .ConditionEvaluationDeltaLoggingListener : Condition evaluation delta:


==========================
CONDITION EVALUATION DELTA
==========================


Positive matches:
-----------------

   LogFileWebEndpointAutoConfiguration#logFileWebEndpoint matched:
      - Log File found logging.file.name logs/resource-infrastructure-service.log (LogFileWebEndpointAutoConfiguration.LogFileCondition)
      - @ConditionalOnMissingBean (types: org.springframework.boot.actuate.logging.LogFileWebEndpoint; SearchStrategy: all) did not find any beans (OnBeanCondition)


Negative matches:
-----------------

    None


Exclusions:
-----------

    None


Unconditional classes:
----------------------

    None



2026-05-13T08:51:44.266+05:30  INFO 14544 --- [resource-infra-service] [File Watcher] rtingClassPathChangeChangedEventListener : Restarting due to 4 class path changes (0 additions, 0 deletions, 4 modifications)
2026-05-13T08:51:44.268+05:30  INFO 14544 --- [resource-infra-service] [Thread-7] o.s.c.n.e.s.EurekaServiceRegistry        : Unregistering application RESOURCE-INFRA-SERVICE with eureka with status DOWN
2026-05-13T08:51:44.268+05:30  INFO 14544 --- [resource-infra-service] [Thread-7] com.netflix.discovery.DiscoveryClient    : Saw local status change event StatusChangeEvent [timestamp=1778642504268, current=DOWN, previous=UP]
2026-05-13T08:51:44.268+05:30  INFO 14544 --- [resource-infra-service] [DiscoveryClient-InstanceInfoReplicator-%d] com.netflix.discovery.DiscoveryClient    : DiscoveryClient_RESOURCE-INFRA-SERVICE/LTIN703242.cts.com:resource-infra-service:8082: registering service...
2026-05-13T08:51:44.269+05:30  INFO 14544 --- [resource-infra-service] [Thread-7] o.s.boot.tomcat.GracefulShutdown         : Commencing graceful shutdown. Waiting for active requests to complete
2026-05-13T08:51:44.271+05:30  INFO 14544 --- [resource-infra-service] [DiscoveryClient-InstanceInfoReplicator-%d] com.netflix.discovery.DiscoveryClient    : DiscoveryClient_RESOURCE-INFRA-SERVICE/LTIN703242.cts.com:resource-infra-service:8082 - registration status: 204
2026-05-13T08:51:44.276+05:30  INFO 14544 --- [resource-infra-service] [tomcat-shutdown] o.s.boot.tomcat.GracefulShutdown         : Graceful shutdown complete
2026-05-13T08:51:44.281+05:30  INFO 14544 --- [resource-infra-service] [Thread-7] j.LocalContainerEntityManagerFactoryBean : Closing JPA EntityManagerFactory for persistence unit 'default'
2026-05-13T08:51:44.282+05:30  INFO 14544 --- [resource-infra-service] [Thread-7] com.zaxxer.hikari.HikariDataSource       : HikariPool-2 - Shutdown initiated...
2026-05-13T08:51:44.286+05:30  INFO 14544 --- [resource-infra-service] [Thread-7] com.zaxxer.hikari.HikariDataSource       : HikariPool-2 - Shutdown completed.
2026-05-13T08:51:44.287+05:30  INFO 14544 --- [resource-infra-service] [Thread-7] com.netflix.discovery.DiscoveryClient    : Shutting down DiscoveryClient ...
2026-05-13T08:51:47.300+05:30  INFO 14544 --- [resource-infra-service] [Thread-7] com.netflix.discovery.DiscoveryClient    : Unregistering ...
2026-05-13T08:51:47.317+05:30  INFO 14544 --- [resource-infra-service] [Thread-7] com.netflix.discovery.DiscoveryClient    : DiscoveryClient_RESOURCE-INFRA-SERVICE/LTIN703242.cts.com:resource-infra-service:8082 - deregister  status: 200
2026-05-13T08:51:47.318+05:30  INFO 14544 --- [resource-infra-service] [Thread-7] com.netflix.discovery.DiscoveryClient    : Completed shut down of DiscoveryClient
2026-05-13T08:51:48.307+05:30  INFO 14544 --- [resource-infra-service] [restartedMain] c.e.d.ResourceInfraServiceApplication    : Starting ResourceInfraServiceApplication using Java 21.0.8 with PID 14544 (C:\Users\2481450\OneDrive - Cognizant\Desktop\green-gov-microservice\resource-infra-service\target\classes started by 2481450 in C:\Users\2481450\OneDrive - Cognizant\Desktop\green-gov-microservice\resource-infra-service)
2026-05-13T08:51:48.307+05:30  INFO 14544 --- [resource-infra-service] [restartedMain] c.e.d.ResourceInfraServiceApplication    : No active profile set, falling back to 1 default profile: "default"
2026-05-13T08:51:48.311+05:30  INFO 14544 --- [resource-infra-service] [restartedMain] o.s.c.c.c.ConfigServerConfigDataLoader   : Fetching config from server at : http://localhost:8711
2026-05-13T08:51:48.311+05:30  INFO 14544 --- [resource-infra-service] [restartedMain] o.s.c.c.c.ConfigServerConfigDataLoader   : Located environment: name=resource-infra-service, profiles=[default], label=null, version=cce02294c53cbe23bacad52895bb56ea0cfeeb6e, state=
2026-05-13T08:51:49.044+05:30  INFO 14544 --- [resource-infra-service] [restartedMain] .s.d.r.c.RepositoryConfigurationDelegate : Bootstrapping Spring Data JPA repositories in DEFAULT mode.
2026-05-13T08:51:49.116+05:30  INFO 14544 --- [resource-infra-service] [restartedMain] .s.d.r.c.RepositoryConfigurationDelegate : Finished Spring Data repository scanning in 51 ms. Found 2 JPA repository interfaces.
2026-05-13T08:51:49.558+05:30  INFO 14544 --- [resource-infra-service] [restartedMain] o.s.cloud.context.scope.GenericScope     : BeanFactory id=74d08662-4b7a-3878-81a1-ae2a05ebcfff
2026-05-13T08:51:50.158+05:30  INFO 14544 --- [resource-infra-service] [restartedMain] o.s.boot.tomcat.TomcatWebServer          : Tomcat initialized with port 8082 (http)
2026-05-13T08:51:50.160+05:30  INFO 14544 --- [resource-infra-service] [restartedMain] o.apache.catalina.core.StandardService   : Starting service [Tomcat]
2026-05-13T08:51:50.160+05:30  INFO 14544 --- [resource-infra-service] [restartedMain] o.apache.catalina.core.StandardEngine    : Starting Servlet engine: [Apache Tomcat/11.0.20]
2026-05-13T08:51:50.320+05:30  INFO 14544 --- [resource-infra-service] [restartedMain] b.w.c.s.WebApplicationContextInitializer : Root WebApplicationContext: initialization completed in 2009 ms
2026-05-13T08:51:51.049+05:30  INFO 14544 --- [resource-infra-service] [restartedMain] org.hibernate.orm.jpa                    : HHH008540: Processing PersistenceUnitInfo [name: default]
2026-05-13T08:51:51.127+05:30  INFO 14544 --- [resource-infra-service] [restartedMain] o.s.o.j.p.SpringPersistenceUnitInfo      : No LoadTimeWeaver setup: ignoring JPA class transformer
2026-05-13T08:51:51.129+05:30  INFO 14544 --- [resource-infra-service] [restartedMain] com.zaxxer.hikari.HikariDataSource       : HikariPool-3 - Starting...
2026-05-13T08:51:51.152+05:30  INFO 14544 --- [resource-infra-service] [restartedMain] com.zaxxer.hikari.pool.HikariPool        : HikariPool-3 - Added connection com.mysql.cj.jdbc.ConnectionImpl@75013f5c
2026-05-13T08:51:51.152+05:30  INFO 14544 --- [resource-infra-service] [restartedMain] com.zaxxer.hikari.HikariDataSource       : HikariPool-3 - Start completed.
2026-05-13T08:51:51.155+05:30  WARN 14544 --- [resource-infra-service] [restartedMain] org.hibernate.orm.deprecation            : HHH90000025: MySQLDialect does not need to be specified explicitly using 'hibernate.dialect' (remove the property setting and it will be selected by default)
2026-05-13T08:51:51.156+05:30  INFO 14544 --- [resource-infra-service] [restartedMain] org.hibernate.orm.connections.pooling    : HHH10001005: Database info:
	Database JDBC URL [jdbc:mysql://localhost:3306/GreenGov_Microservice?createDatabaseIfNotExist=true]
	Database driver: MySQL Connector/J
	Database dialect: MySQLDialect
	Database version: 8.0.44
	Default catalog/schema: GreenGov_Microservice/undefined
	Autocommit mode: undefined/unknown
	Isolation level: REPEATABLE_READ [default REPEATABLE_READ]
	JDBC fetch size: none
	Pool: DataSourceConnectionProvider
	Minimum pool size: undefined/unknown
	Maximum pool size: undefined/unknown
2026-05-13T08:51:51.269+05:30  INFO 14544 --- [resource-infra-service] [restartedMain] org.hibernate.orm.core                   : HHH000489: No JTA platform available (set 'hibernate.transaction.jta.platform' to enable JTA platform integration)
2026-05-13T08:51:51.308+05:30  INFO 14544 --- [resource-infra-service] [restartedMain] j.LocalContainerEntityManagerFactoryBean : Initialized JPA EntityManagerFactory for persistence unit 'default'
2026-05-13T08:51:51.759+05:30  WARN 14544 --- [resource-infra-service] [restartedMain] JpaBaseConfiguration$JpaWebConfiguration : spring.jpa.open-in-view is enabled by default. Therefore, database queries may be performed during view rendering. Explicitly configure spring.jpa.open-in-view to disable this warning
2026-05-13T08:51:52.040+05:30  INFO 14544 --- [resource-infra-service] [restartedMain] o.s.c.openfeign.FeignClientFactoryBean   : For 'SUSTAINABILITYPROJECTSERVICE' URL not provided. Will try picking an instance via load-balancing.
2026-05-13T08:51:52.277+05:30  INFO 14544 --- [resource-infra-service] [restartedMain] o.s.c.openfeign.FeignClientFactoryBean   : For 'NOTIFICATIONS-SERVICE' URL not provided. Will try picking an instance via load-balancing.
2026-05-13T08:51:54.624+05:30  INFO 14544 --- [resource-infra-service] [restartedMain] DiscoveryClientOptionalArgsConfiguration : Eureka HTTP Client uses RestClient.
2026-05-13T08:51:54.762+05:30  WARN 14544 --- [resource-infra-service] [restartedMain] iguration$LoadBalancerCaffeineWarnLogger : Spring Cloud LoadBalancer is currently working with the default cache. While this cache implementation is useful for development and tests, it's recommended to use Caffeine cache in production.You can switch to using Caffeine cache, by adding it and org.springframework.cache.caffeine.CaffeineCacheManager to the classpath.
2026-05-13T08:51:54.800+05:30  INFO 14544 --- [resource-infra-service] [restartedMain] o.s.b.a.e.web.EndpointLinksResolver      : Exposing 1 endpoint beneath base path '/actuator'
2026-05-13T08:51:54.897+05:30  INFO 14544 --- [resource-infra-service] [restartedMain] o.s.c.n.eureka.InstanceInfoFactory       : Setting initial instance status as: STARTING
2026-05-13T08:51:54.906+05:30  INFO 14544 --- [resource-infra-service] [restartedMain] com.netflix.discovery.DiscoveryClient    : Initializing Eureka in region us-east-1
2026-05-13T08:51:54.906+05:30  INFO 14544 --- [resource-infra-service] [restartedMain] c.n.d.s.r.aws.ConfigClusterResolver      : Resolving eureka endpoints via configuration
2026-05-13T08:51:54.906+05:30  INFO 14544 --- [resource-infra-service] [restartedMain] com.netflix.discovery.DiscoveryClient    : Disable delta property : false
2026-05-13T08:51:54.908+05:30  INFO 14544 --- [resource-infra-service] [restartedMain] com.netflix.discovery.DiscoveryClient    : Single vip registry refresh property : null
2026-05-13T08:51:54.908+05:30  INFO 14544 --- [resource-infra-service] [restartedMain] com.netflix.discovery.DiscoveryClient    : Force full registry fetch : false
2026-05-13T08:51:54.908+05:30  INFO 14544 --- [resource-infra-service] [restartedMain] com.netflix.discovery.DiscoveryClient    : Application is null : false
2026-05-13T08:51:54.908+05:30  INFO 14544 --- [resource-infra-service] [restartedMain] com.netflix.discovery.DiscoveryClient    : Registered Applications size is zero : true
2026-05-13T08:51:54.908+05:30  INFO 14544 --- [resource-infra-service] [restartedMain] com.netflix.discovery.DiscoveryClient    : Application version is -1: true
2026-05-13T08:51:54.908+05:30  INFO 14544 --- [resource-infra-service] [restartedMain] com.netflix.discovery.DiscoveryClient    : Getting all instance registry info from the eureka server
2026-05-13T08:51:54.947+05:30  INFO 14544 --- [resource-infra-service] [restartedMain] com.netflix.discovery.DiscoveryClient    : The response status is 200
2026-05-13T08:51:54.948+05:30  INFO 14544 --- [resource-infra-service] [restartedMain] com.netflix.discovery.DiscoveryClient    : Starting heartbeat executor: renew interval is: 30
2026-05-13T08:51:54.948+05:30  INFO 14544 --- [resource-infra-service] [restartedMain] c.n.discovery.InstanceInfoReplicator     : InstanceInfoReplicator onDemand update allowed rate per min is 4
2026-05-13T08:51:54.949+05:30  INFO 14544 --- [resource-infra-service] [restartedMain] com.netflix.discovery.DiscoveryClient    : Discovery Client initialized at timestamp 1778642514949 with initial instances count: 10
2026-05-13T08:51:54.966+05:30  INFO 14544 --- [resource-infra-service] [restartedMain] o.s.c.n.e.s.EurekaServiceRegistry        : Registering application RESOURCE-INFRA-SERVICE with eureka with status UP
2026-05-13T08:51:54.967+05:30  INFO 14544 --- [resource-infra-service] [restartedMain] com.netflix.discovery.DiscoveryClient    : Saw local status change event StatusChangeEvent [timestamp=1778642514967, current=UP, previous=STARTING]
2026-05-13T08:51:54.967+05:30  INFO 14544 --- [resource-infra-service] [DiscoveryClient-InstanceInfoReplicator-%d] com.netflix.discovery.DiscoveryClient    : DiscoveryClient_RESOURCE-INFRA-SERVICE/LTIN703242.cts.com:resource-infra-service:8082: registering service...
2026-05-13T08:51:54.973+05:30  INFO 14544 --- [resource-infra-service] [restartedMain] o.s.boot.tomcat.TomcatWebServer          : Tomcat started on port 8082 (http) with context path '/'
2026-05-13T08:51:54.974+05:30  INFO 14544 --- [resource-infra-service] [restartedMain] .s.c.n.e.s.EurekaAutoServiceRegistration : Updating port to 8082
2026-05-13T08:51:54.985+05:30  INFO 14544 --- [resource-infra-service] [DiscoveryClient-InstanceInfoReplicator-%d] com.netflix.discovery.DiscoveryClient    : DiscoveryClient_RESOURCE-INFRA-SERVICE/LTIN703242.cts.com:resource-infra-service:8082 - registration status: 204
2026-05-13T08:51:54.996+05:30  INFO 14544 --- [resource-infra-service] [restartedMain] c.e.d.ResourceInfraServiceApplication    : Started ResourceInfraServiceApplication in 7.61 seconds (process running for 1415.757)
2026-05-13T08:51:55.000+05:30  INFO 14544 --- [resource-infra-service] [restartedMain] .ConditionEvaluationDeltaLoggingListener : Condition evaluation unchanged
2026-05-13T08:52:16.872+05:30  INFO 14544 --- [resource-infra-service] [http-nio-8082-exec-1] o.a.c.c.C.[Tomcat].[localhost].[/]       : Initializing Spring DispatcherServlet 'dispatcherServlet'
2026-05-13T08:52:16.872+05:30  INFO 14544 --- [resource-infra-service] [http-nio-8082-exec-1] o.s.web.servlet.DispatcherServlet        : Initializing Servlet 'dispatcherServlet'
2026-05-13T08:52:16.876+05:30  INFO 14544 --- [resource-infra-service] [http-nio-8082-exec-1] o.s.web.servlet.DispatcherServlet        : Completed initialization in 3 ms
2026-05-13T08:52:16.878+05:30  INFO 14544 --- [resource-infra-service] [http-nio-8082-exec-1] c.e.demo.controller.ResourceController   : Fetching global resource inventory.
2026-05-13T08:52:16.916+05:30  INFO 14544 --- [resource-infra-service] [http-nio-8082-exec-3] c.e.demo.controller.ResourceController   : Fetching global resource inventory.
2026-05-13T08:52:18.200+05:30  INFO 14544 --- [resource-infra-service] [http-nio-8082-exec-2] c.e.d.c.InfrastructureController         : Fetching all infrastructure records.
2026-05-13T08:52:44.489+05:30  INFO 14544 --- [resource-infra-service] [http-nio-8082-exec-4] c.e.d.c.InfrastructureController         : REST request to add infrastructure: WindFarm for Project ID: 1
2026-05-13T08:52:44.489+05:30  INFO 14544 --- [resource-infra-service] [http-nio-8082-exec-4] c.e.d.service.InfrastructureServiceImpl  : Adding new infrastructure for Project ID: 1
2026-05-13T08:52:45.849+05:30 ERROR 14544 --- [resource-infra-service] [http-nio-8082-exec-4] c.e.d.client.NotificationClientFallback  : Fallback triggered: Notification Service is unavailable. Queuing alert for User 1 locally: New WindFarm infrastructure planned for Project: Urban Solar Initiative 2032
2026-05-13T08:52:45.849+05:30  INFO 14544 --- [resource-infra-service] [http-nio-8082-exec-4] c.e.d.service.InfrastructureServiceImpl  : Notification request processed (either sent or handled by fallback).
2026-05-13T08:52:45.891+05:30  INFO 14544 --- [resource-infra-service] [http-nio-8082-exec-5] c.e.d.c.InfrastructureController         : Fetching all infrastructure records.
2026-05-13T08:56:54.914+05:30  INFO 14544 --- [resource-infra-service] [AsyncResolver-bootstrap-executor-%d] c.n.d.s.r.aws.ConfigClusterResolver      : Resolving eureka endpoints via configuration
2026-05-13T08:59:19.840+05:30  INFO 14544 --- [resource-infra-service] [File Watcher] rtingClassPathChangeChangedEventListener : Restarting due to 1 class path change (0 additions, 0 deletions, 1 modification)
2026-05-13T08:59:19.841+05:30  INFO 14544 --- [resource-infra-service] [Thread-13] o.s.c.n.e.s.EurekaServiceRegistry        : Unregistering application RESOURCE-INFRA-SERVICE with eureka with status DOWN
2026-05-13T08:59:19.841+05:30  INFO 14544 --- [resource-infra-service] [Thread-13] com.netflix.discovery.DiscoveryClient    : Saw local status change event StatusChangeEvent [timestamp=1778642959841, current=DOWN, previous=UP]
2026-05-13T08:59:19.841+05:30  INFO 14544 --- [resource-infra-service] [DiscoveryClient-InstanceInfoReplicator-%d] com.netflix.discovery.DiscoveryClient    : DiscoveryClient_RESOURCE-INFRA-SERVICE/LTIN703242.cts.com:resource-infra-service:8082: registering service...
2026-05-13T08:59:19.842+05:30  INFO 14544 --- [resource-infra-service] [Thread-13] o.s.boot.tomcat.GracefulShutdown         : Commencing graceful shutdown. Waiting for active requests to complete
2026-05-13T08:59:19.851+05:30  INFO 14544 --- [resource-infra-service] [tomcat-shutdown] o.s.boot.tomcat.GracefulShutdown         : Graceful shutdown complete
2026-05-13T08:59:19.856+05:30  INFO 14544 --- [resource-infra-service] [DiscoveryClient-InstanceInfoReplicator-%d] com.netflix.discovery.DiscoveryClient    : DiscoveryClient_RESOURCE-INFRA-SERVICE/LTIN703242.cts.com:resource-infra-service:8082 - registration status: 204
2026-05-13T08:59:19.858+05:30  INFO 14544 --- [resource-infra-service] [Thread-13] j.LocalContainerEntityManagerFactoryBean : Closing JPA EntityManagerFactory for persistence unit 'default'
2026-05-13T08:59:19.858+05:30  INFO 14544 --- [resource-infra-service] [Thread-13] com.zaxxer.hikari.HikariDataSource       : HikariPool-3 - Shutdown initiated...
2026-05-13T08:59:19.866+05:30  INFO 14544 --- [resource-infra-service] [Thread-13] com.zaxxer.hikari.HikariDataSource       : HikariPool-3 - Shutdown completed.
2026-05-13T08:59:19.868+05:30  INFO 14544 --- [resource-infra-service] [Thread-13] com.netflix.discovery.DiscoveryClient    : Shutting down DiscoveryClient ...
2026-05-13T08:59:22.879+05:30  INFO 14544 --- [resource-infra-service] [Thread-13] com.netflix.discovery.DiscoveryClient    : Unregistering ...
2026-05-13T08:59:22.897+05:30  INFO 14544 --- [resource-infra-service] [Thread-13] com.netflix.discovery.DiscoveryClient    : DiscoveryClient_RESOURCE-INFRA-SERVICE/LTIN703242.cts.com:resource-infra-service:8082 - deregister  status: 200
2026-05-13T08:59:22.897+05:30  INFO 14544 --- [resource-infra-service] [Thread-13] com.netflix.discovery.DiscoveryClient    : Completed shut down of DiscoveryClient
2026-05-13T08:59:23.993+05:30  INFO 14544 --- [resource-infra-service] [restartedMain] c.e.d.ResourceInfraServiceApplication    : Starting ResourceInfraServiceApplication using Java 21.0.8 with PID 14544 (C:\Users\2481450\OneDrive - Cognizant\Desktop\green-gov-microservice\resource-infra-service\target\classes started by 2481450 in C:\Users\2481450\OneDrive - Cognizant\Desktop\green-gov-microservice\resource-infra-service)
2026-05-13T08:59:23.993+05:30  INFO 14544 --- [resource-infra-service] [restartedMain] c.e.d.ResourceInfraServiceApplication    : No active profile set, falling back to 1 default profile: "default"
2026-05-13T08:59:23.997+05:30  INFO 14544 --- [resource-infra-service] [restartedMain] o.s.c.c.c.ConfigServerConfigDataLoader   : Fetching config from server at : http://localhost:8711
2026-05-13T08:59:23.997+05:30  INFO 14544 --- [resource-infra-service] [restartedMain] o.s.c.c.c.ConfigServerConfigDataLoader   : Located environment: name=resource-infra-service, profiles=[default], label=null, version=cce02294c53cbe23bacad52895bb56ea0cfeeb6e, state=
2026-05-13T08:59:24.661+05:30  INFO 14544 --- [resource-infra-service] [restartedMain] .s.d.r.c.RepositoryConfigurationDelegate : Bootstrapping Spring Data JPA repositories in DEFAULT mode.
2026-05-13T08:59:24.675+05:30  INFO 14544 --- [resource-infra-service] [restartedMain] .s.d.r.c.RepositoryConfigurationDelegate : Finished Spring Data repository scanning in 11 ms. Found 2 JPA repository interfaces.
2026-05-13T08:59:24.809+05:30  INFO 14544 --- [resource-infra-service] [restartedMain] o.s.cloud.context.scope.GenericScope     : BeanFactory id=74d08662-4b7a-3878-81a1-ae2a05ebcfff
2026-05-13T08:59:25.094+05:30  INFO 14544 --- [resource-infra-service] [restartedMain] o.s.boot.tomcat.TomcatWebServer          : Tomcat initialized with port 8082 (http)
2026-05-13T08:59:25.096+05:30  INFO 14544 --- [resource-infra-service] [restartedMain] o.apache.catalina.core.StandardService   : Starting service [Tomcat]
2026-05-13T08:59:25.096+05:30  INFO 14544 --- [resource-infra-service] [restartedMain] o.apache.catalina.core.StandardEngine    : Starting Servlet engine: [Apache Tomcat/11.0.20]
2026-05-13T08:59:25.150+05:30  INFO 14544 --- [resource-infra-service] [restartedMain] b.w.c.s.WebApplicationContextInitializer : Root WebApplicationContext: initialization completed in 1152 ms
2026-05-13T08:59:25.640+05:30  INFO 14544 --- [resource-infra-service] [restartedMain] org.hibernate.orm.jpa                    : HHH008540: Processing PersistenceUnitInfo [name: default]
2026-05-13T08:59:25.697+05:30  INFO 14544 --- [resource-infra-service] [restartedMain] o.s.o.j.p.SpringPersistenceUnitInfo      : No LoadTimeWeaver setup: ignoring JPA class transformer
2026-05-13T08:59:25.700+05:30  INFO 14544 --- [resource-infra-service] [restartedMain] com.zaxxer.hikari.HikariDataSource       : HikariPool-4 - Starting...
2026-05-13T08:59:25.724+05:30  INFO 14544 --- [resource-infra-service] [restartedMain] com.zaxxer.hikari.pool.HikariPool        : HikariPool-4 - Added connection com.mysql.cj.jdbc.ConnectionImpl@4dbf24ea
2026-05-13T08:59:25.724+05:30  INFO 14544 --- [resource-infra-service] [restartedMain] com.zaxxer.hikari.HikariDataSource       : HikariPool-4 - Start completed.
2026-05-13T08:59:25.726+05:30  WARN 14544 --- [resource-infra-service] [restartedMain] org.hibernate.orm.deprecation            : HHH90000025: MySQLDialect does not need to be specified explicitly using 'hibernate.dialect' (remove the property setting and it will be selected by default)
2026-05-13T08:59:25.728+05:30  INFO 14544 --- [resource-infra-service] [restartedMain] org.hibernate.orm.connections.pooling    : HHH10001005: Database info:
	Database JDBC URL [jdbc:mysql://localhost:3306/GreenGov_Microservice?createDatabaseIfNotExist=true]
	Database driver: MySQL Connector/J
	Database dialect: MySQLDialect
	Database version: 8.0.44
	Default catalog/schema: GreenGov_Microservice/undefined
	Autocommit mode: undefined/unknown
	Isolation level: REPEATABLE_READ [default REPEATABLE_READ]
	JDBC fetch size: none
	Pool: DataSourceConnectionProvider
	Minimum pool size: undefined/unknown
	Maximum pool size: undefined/unknown
2026-05-13T08:59:25.848+05:30  INFO 14544 --- [resource-infra-service] [restartedMain] org.hibernate.orm.core                   : HHH000489: No JTA platform available (set 'hibernate.transaction.jta.platform' to enable JTA platform integration)
2026-05-13T08:59:25.879+05:30  INFO 14544 --- [resource-infra-service] [restartedMain] j.LocalContainerEntityManagerFactoryBean : Initialized JPA EntityManagerFactory for persistence unit 'default'
2026-05-13T08:59:26.356+05:30  WARN 14544 --- [resource-infra-service] [restartedMain] JpaBaseConfiguration$JpaWebConfiguration : spring.jpa.open-in-view is enabled by default. Therefore, database queries may be performed during view rendering. Explicitly configure spring.jpa.open-in-view to disable this warning
2026-05-13T08:59:26.512+05:30  INFO 14544 --- [resource-infra-service] [restartedMain] o.s.c.openfeign.FeignClientFactoryBean   : For 'SUSTAINABILITYPROJECTSERVICE' URL not provided. Will try picking an instance via load-balancing.
2026-05-13T08:59:26.664+05:30  INFO 14544 --- [resource-infra-service] [restartedMain] o.s.c.openfeign.FeignClientFactoryBean   : For 'NOTIFICATIONS-SERVICE' URL not provided. Will try picking an instance via load-balancing.
2026-05-13T08:59:27.873+05:30  INFO 14544 --- [resource-infra-service] [restartedMain] DiscoveryClientOptionalArgsConfiguration : Eureka HTTP Client uses RestClient.
2026-05-13T08:59:27.937+05:30  WARN 14544 --- [resource-infra-service] [restartedMain] iguration$LoadBalancerCaffeineWarnLogger : Spring Cloud LoadBalancer is currently working with the default cache. While this cache implementation is useful for development and tests, it's recommended to use Caffeine cache in production.You can switch to using Caffeine cache, by adding it and org.springframework.cache.caffeine.CaffeineCacheManager to the classpath.
2026-05-13T08:59:27.955+05:30  INFO 14544 --- [resource-infra-service] [restartedMain] o.s.b.a.e.web.EndpointLinksResolver      : Exposing 1 endpoint beneath base path '/actuator'
2026-05-13T08:59:28.008+05:30  INFO 14544 --- [resource-infra-service] [restartedMain] o.s.c.n.eureka.InstanceInfoFactory       : Setting initial instance status as: STARTING
2026-05-13T08:59:28.013+05:30  INFO 14544 --- [resource-infra-service] [restartedMain] com.netflix.discovery.DiscoveryClient    : Initializing Eureka in region us-east-1
2026-05-13T08:59:28.013+05:30  INFO 14544 --- [resource-infra-service] [restartedMain] c.n.d.s.r.aws.ConfigClusterResolver      : Resolving eureka endpoints via configuration
2026-05-13T08:59:28.014+05:30  INFO 14544 --- [resource-infra-service] [restartedMain] com.netflix.discovery.DiscoveryClient    : Disable delta property : false
2026-05-13T08:59:28.014+05:30  INFO 14544 --- [resource-infra-service] [restartedMain] com.netflix.discovery.DiscoveryClient    : Single vip registry refresh property : null
2026-05-13T08:59:28.014+05:30  INFO 14544 --- [resource-infra-service] [restartedMain] com.netflix.discovery.DiscoveryClient    : Force full registry fetch : false
2026-05-13T08:59:28.014+05:30  INFO 14544 --- [resource-infra-service] [restartedMain] com.netflix.discovery.DiscoveryClient    : Application is null : false
2026-05-13T08:59:28.014+05:30  INFO 14544 --- [resource-infra-service] [restartedMain] com.netflix.discovery.DiscoveryClient    : Registered Applications size is zero : true
2026-05-13T08:59:28.014+05:30  INFO 14544 --- [resource-infra-service] [restartedMain] com.netflix.discovery.DiscoveryClient    : Application version is -1: true
2026-05-13T08:59:28.014+05:30  INFO 14544 --- [resource-infra-service] [restartedMain] com.netflix.discovery.DiscoveryClient    : Getting all instance registry info from the eureka server
2026-05-13T08:59:28.051+05:30  INFO 14544 --- [resource-infra-service] [restartedMain] com.netflix.discovery.DiscoveryClient    : The response status is 200
2026-05-13T08:59:28.052+05:30  INFO 14544 --- [resource-infra-service] [restartedMain] com.netflix.discovery.DiscoveryClient    : Starting heartbeat executor: renew interval is: 30
2026-05-13T08:59:28.052+05:30  INFO 14544 --- [resource-infra-service] [restartedMain] c.n.discovery.InstanceInfoReplicator     : InstanceInfoReplicator onDemand update allowed rate per min is 4
2026-05-13T08:59:28.053+05:30  INFO 14544 --- [resource-infra-service] [restartedMain] com.netflix.discovery.DiscoveryClient    : Discovery Client initialized at timestamp 1778642968053 with initial instances count: 10
2026-05-13T08:59:28.070+05:30  INFO 14544 --- [resource-infra-service] [restartedMain] o.s.c.n.e.s.EurekaServiceRegistry        : Registering application RESOURCE-INFRA-SERVICE with eureka with status UP
2026-05-13T08:59:28.070+05:30  INFO 14544 --- [resource-infra-service] [restartedMain] com.netflix.discovery.DiscoveryClient    : Saw local status change event StatusChangeEvent [timestamp=1778642968070, current=UP, previous=STARTING]
2026-05-13T08:59:28.070+05:30  INFO 14544 --- [resource-infra-service] [DiscoveryClient-InstanceInfoReplicator-%d] com.netflix.discovery.DiscoveryClient    : DiscoveryClient_RESOURCE-INFRA-SERVICE/LTIN703242.cts.com:resource-infra-service:8082: registering service...
2026-05-13T08:59:28.074+05:30  INFO 14544 --- [resource-infra-service] [restartedMain] o.s.boot.tomcat.TomcatWebServer          : Tomcat started on port 8082 (http) with context path '/'
2026-05-13T08:59:28.075+05:30  INFO 14544 --- [resource-infra-service] [restartedMain] .s.c.n.e.s.EurekaAutoServiceRegistration : Updating port to 8082
2026-05-13T08:59:28.088+05:30  INFO 14544 --- [resource-infra-service] [DiscoveryClient-InstanceInfoReplicator-%d] com.netflix.discovery.DiscoveryClient    : DiscoveryClient_RESOURCE-INFRA-SERVICE/LTIN703242.cts.com:resource-infra-service:8082 - registration status: 204
2026-05-13T08:59:28.091+05:30  INFO 14544 --- [resource-infra-service] [restartedMain] c.e.d.ResourceInfraServiceApplication    : Started ResourceInfraServiceApplication in 5.091 seconds (process running for 1868.852)
2026-05-13T08:59:28.094+05:30  INFO 14544 --- [resource-infra-service] [restartedMain] .ConditionEvaluationDeltaLoggingListener : Condition evaluation unchanged
2026-05-13T09:04:28.020+05:30  INFO 14544 --- [resource-infra-service] [AsyncResolver-bootstrap-executor-%d] c.n.d.s.r.aws.ConfigClusterResolver      : Resolving eureka endpoints via configuration
2026-05-13T09:05:28.671+05:30  INFO 14544 --- [resource-infra-service] [File Watcher] rtingClassPathChangeChangedEventListener : Restarting due to 1 class path change (0 additions, 0 deletions, 1 modification)
2026-05-13T09:05:28.672+05:30  INFO 14544 --- [resource-infra-service] [Thread-19] o.s.c.n.e.s.EurekaServiceRegistry        : Unregistering application RESOURCE-INFRA-SERVICE with eureka with status DOWN
2026-05-13T09:05:28.672+05:30  INFO 14544 --- [resource-infra-service] [Thread-19] com.netflix.discovery.DiscoveryClient    : Saw local status change event StatusChangeEvent [timestamp=1778643328672, current=DOWN, previous=UP]
2026-05-13T09:05:28.672+05:30  INFO 14544 --- [resource-infra-service] [DiscoveryClient-InstanceInfoReplicator-%d] com.netflix.discovery.DiscoveryClient    : DiscoveryClient_RESOURCE-INFRA-SERVICE/LTIN703242.cts.com:resource-infra-service:8082: registering service...
2026-05-13T09:05:28.674+05:30  INFO 14544 --- [resource-infra-service] [Thread-19] o.s.boot.tomcat.GracefulShutdown         : Commencing graceful shutdown. Waiting for active requests to complete
2026-05-13T09:05:28.678+05:30  INFO 14544 --- [resource-infra-service] [DiscoveryClient-InstanceInfoReplicator-%d] com.netflix.discovery.DiscoveryClient    : DiscoveryClient_RESOURCE-INFRA-SERVICE/LTIN703242.cts.com:resource-infra-service:8082 - registration status: 204
2026-05-13T09:05:28.683+05:30  INFO 14544 --- [resource-infra-service] [tomcat-shutdown] o.s.boot.tomcat.GracefulShutdown         : Graceful shutdown complete
2026-05-13T09:05:28.687+05:30  INFO 14544 --- [resource-infra-service] [Thread-19] j.LocalContainerEntityManagerFactoryBean : Closing JPA EntityManagerFactory for persistence unit 'default'
2026-05-13T09:05:28.688+05:30  INFO 14544 --- [resource-infra-service] [Thread-19] com.zaxxer.hikari.HikariDataSource       : HikariPool-4 - Shutdown initiated...
2026-05-13T09:05:28.692+05:30  INFO 14544 --- [resource-infra-service] [Thread-19] com.zaxxer.hikari.HikariDataSource       : HikariPool-4 - Shutdown completed.
2026-05-13T09:05:28.693+05:30  INFO 14544 --- [resource-infra-service] [Thread-19] com.netflix.discovery.DiscoveryClient    : Shutting down DiscoveryClient ...
2026-05-13T09:05:31.700+05:30  INFO 14544 --- [resource-infra-service] [Thread-19] com.netflix.discovery.DiscoveryClient    : Unregistering ...
2026-05-13T09:05:31.717+05:30  INFO 14544 --- [resource-infra-service] [Thread-19] com.netflix.discovery.DiscoveryClient    : DiscoveryClient_RESOURCE-INFRA-SERVICE/LTIN703242.cts.com:resource-infra-service:8082 - deregister  status: 200
2026-05-13T09:05:31.717+05:30  INFO 14544 --- [resource-infra-service] [Thread-19] com.netflix.discovery.DiscoveryClient    : Completed shut down of DiscoveryClient
2026-05-13T09:05:32.890+05:30  INFO 14544 --- [resource-infra-service] [restartedMain] c.e.d.ResourceInfraServiceApplication    : Starting ResourceInfraServiceApplication using Java 21.0.8 with PID 14544 (C:\Users\2481450\OneDrive - Cognizant\Desktop\green-gov-microservice\resource-infra-service\target\classes started by 2481450 in C:\Users\2481450\OneDrive - Cognizant\Desktop\green-gov-microservice\resource-infra-service)
2026-05-13T09:05:32.893+05:30  INFO 14544 --- [resource-infra-service] [restartedMain] c.e.d.ResourceInfraServiceApplication    : No active profile set, falling back to 1 default profile: "default"
2026-05-13T09:05:32.901+05:30  INFO 14544 --- [resource-infra-service] [restartedMain] o.s.c.c.c.ConfigServerConfigDataLoader   : Fetching config from server at : http://localhost:8711
2026-05-13T09:05:32.901+05:30  INFO 14544 --- [resource-infra-service] [restartedMain] o.s.c.c.c.ConfigServerConfigDataLoader   : Located environment: name=resource-infra-service, profiles=[default], label=null, version=cce02294c53cbe23bacad52895bb56ea0cfeeb6e, state=
2026-05-13T09:05:33.783+05:30  INFO 14544 --- [resource-infra-service] [restartedMain] .s.d.r.c.RepositoryConfigurationDelegate : Bootstrapping Spring Data JPA repositories in DEFAULT mode.
2026-05-13T09:05:33.818+05:30  INFO 14544 --- [resource-infra-service] [restartedMain] .s.d.r.c.RepositoryConfigurationDelegate : Finished Spring Data repository scanning in 27 ms. Found 2 JPA repository interfaces.
2026-05-13T09:05:34.104+05:30  INFO 14544 --- [resource-infra-service] [restartedMain] o.s.cloud.context.scope.GenericScope     : BeanFactory id=74d08662-4b7a-3878-81a1-ae2a05ebcfff
2026-05-13T09:05:34.627+05:30  INFO 14544 --- [resource-infra-service] [restartedMain] o.s.boot.tomcat.TomcatWebServer          : Tomcat initialized with port 8082 (http)
2026-05-13T09:05:34.629+05:30  INFO 14544 --- [resource-infra-service] [restartedMain] o.apache.catalina.core.StandardService   : Starting service [Tomcat]
2026-05-13T09:05:34.631+05:30  INFO 14544 --- [resource-infra-service] [restartedMain] o.apache.catalina.core.StandardEngine    : Starting Servlet engine: [Apache Tomcat/11.0.20]
2026-05-13T09:05:34.724+05:30  INFO 14544 --- [resource-infra-service] [restartedMain] b.w.c.s.WebApplicationContextInitializer : Root WebApplicationContext: initialization completed in 1822 ms
2026-05-13T09:05:35.352+05:30  INFO 14544 --- [resource-infra-service] [restartedMain] org.hibernate.orm.jpa                    : HHH008540: Processing PersistenceUnitInfo [name: default]
2026-05-13T09:05:35.427+05:30  INFO 14544 --- [resource-infra-service] [restartedMain] o.s.o.j.p.SpringPersistenceUnitInfo      : No LoadTimeWeaver setup: ignoring JPA class transformer
2026-05-13T09:05:35.430+05:30  INFO 14544 --- [resource-infra-service] [restartedMain] com.zaxxer.hikari.HikariDataSource       : HikariPool-5 - Starting...
2026-05-13T09:05:35.451+05:30  INFO 14544 --- [resource-infra-service] [restartedMain] com.zaxxer.hikari.pool.HikariPool        : HikariPool-5 - Added connection com.mysql.cj.jdbc.ConnectionImpl@484029c3
2026-05-13T09:05:35.452+05:30  INFO 14544 --- [resource-infra-service] [restartedMain] com.zaxxer.hikari.HikariDataSource       : HikariPool-5 - Start completed.
2026-05-13T09:05:35.454+05:30  WARN 14544 --- [resource-infra-service] [restartedMain] org.hibernate.orm.deprecation            : HHH90000025: MySQLDialect does not need to be specified explicitly using 'hibernate.dialect' (remove the property setting and it will be selected by default)
2026-05-13T09:05:35.454+05:30  INFO 14544 --- [resource-infra-service] [restartedMain] org.hibernate.orm.connections.pooling    : HHH10001005: Database info:
	Database JDBC URL [jdbc:mysql://localhost:3306/GreenGov_Microservice?createDatabaseIfNotExist=true]
	Database driver: MySQL Connector/J
	Database dialect: MySQLDialect
	Database version: 8.0.44
	Default catalog/schema: GreenGov_Microservice/undefined
	Autocommit mode: undefined/unknown
	Isolation level: REPEATABLE_READ [default REPEATABLE_READ]
	JDBC fetch size: none
	Pool: DataSourceConnectionProvider
	Minimum pool size: undefined/unknown
	Maximum pool size: undefined/unknown
2026-05-13T09:05:35.569+05:30  INFO 14544 --- [resource-infra-service] [restartedMain] org.hibernate.orm.core                   : HHH000489: No JTA platform available (set 'hibernate.transaction.jta.platform' to enable JTA platform integration)
2026-05-13T09:05:35.597+05:30  INFO 14544 --- [resource-infra-service] [restartedMain] j.LocalContainerEntityManagerFactoryBean : Initialized JPA EntityManagerFactory for persistence unit 'default'
2026-05-13T09:05:36.149+05:30  WARN 14544 --- [resource-infra-service] [restartedMain] JpaBaseConfiguration$JpaWebConfiguration : spring.jpa.open-in-view is enabled by default. Therefore, database queries may be performed during view rendering. Explicitly configure spring.jpa.open-in-view to disable this warning
2026-05-13T09:05:36.454+05:30  INFO 14544 --- [resource-infra-service] [restartedMain] o.s.c.openfeign.FeignClientFactoryBean   : For 'SUSTAINABILITYPROJECTSERVICE' URL not provided. Will try picking an instance via load-balancing.
2026-05-13T09:05:36.749+05:30  INFO 14544 --- [resource-infra-service] [restartedMain] o.s.c.openfeign.FeignClientFactoryBean   : For 'NOTIFICATIONS-SERVICE' URL not provided. Will try picking an instance via load-balancing.
2026-05-13T09:05:39.781+05:30  INFO 14544 --- [resource-infra-service] [restartedMain] DiscoveryClientOptionalArgsConfiguration : Eureka HTTP Client uses RestClient.
2026-05-13T09:05:39.949+05:30  WARN 14544 --- [resource-infra-service] [restartedMain] iguration$LoadBalancerCaffeineWarnLogger : Spring Cloud LoadBalancer is currently working with the default cache. While this cache implementation is useful for development and tests, it's recommended to use Caffeine cache in production.You can switch to using Caffeine cache, by adding it and org.springframework.cache.caffeine.CaffeineCacheManager to the classpath.
2026-05-13T09:05:39.998+05:30  INFO 14544 --- [resource-infra-service] [restartedMain] o.s.b.a.e.web.EndpointLinksResolver      : Exposing 1 endpoint beneath base path '/actuator'
2026-05-13T09:05:40.103+05:30  INFO 14544 --- [resource-infra-service] [restartedMain] o.s.c.n.eureka.InstanceInfoFactory       : Setting initial instance status as: STARTING
2026-05-13T09:05:40.112+05:30  INFO 14544 --- [resource-infra-service] [restartedMain] com.netflix.discovery.DiscoveryClient    : Initializing Eureka in region us-east-1
2026-05-13T09:05:40.112+05:30  INFO 14544 --- [resource-infra-service] [restartedMain] c.n.d.s.r.aws.ConfigClusterResolver      : Resolving eureka endpoints via configuration
2026-05-13T09:05:40.112+05:30  INFO 14544 --- [resource-infra-service] [restartedMain] com.netflix.discovery.DiscoveryClient    : Disable delta property : false
2026-05-13T09:05:40.112+05:30  INFO 14544 --- [resource-infra-service] [restartedMain] com.netflix.discovery.DiscoveryClient    : Single vip registry refresh property : null
2026-05-13T09:05:40.112+05:30  INFO 14544 --- [resource-infra-service] [restartedMain] com.netflix.discovery.DiscoveryClient    : Force full registry fetch : false
2026-05-13T09:05:40.112+05:30  INFO 14544 --- [resource-infra-service] [restartedMain] com.netflix.discovery.DiscoveryClient    : Application is null : false
2026-05-13T09:05:40.112+05:30  INFO 14544 --- [resource-infra-service] [restartedMain] com.netflix.discovery.DiscoveryClient    : Registered Applications size is zero : true
2026-05-13T09:05:40.112+05:30  INFO 14544 --- [resource-infra-service] [restartedMain] com.netflix.discovery.DiscoveryClient    : Application version is -1: true
2026-05-13T09:05:40.112+05:30  INFO 14544 --- [resource-infra-service] [restartedMain] com.netflix.discovery.DiscoveryClient    : Getting all instance registry info from the eureka server
2026-05-13T09:05:40.176+05:30  INFO 14544 --- [resource-infra-service] [restartedMain] com.netflix.discovery.DiscoveryClient    : The response status is 200
2026-05-13T09:05:40.176+05:30  INFO 14544 --- [resource-infra-service] [restartedMain] com.netflix.discovery.DiscoveryClient    : Starting heartbeat executor: renew interval is: 30
2026-05-13T09:05:40.177+05:30  INFO 14544 --- [resource-infra-service] [restartedMain] c.n.discovery.InstanceInfoReplicator     : InstanceInfoReplicator onDemand update allowed rate per min is 4
2026-05-13T09:05:40.178+05:30  INFO 14544 --- [resource-infra-service] [restartedMain] com.netflix.discovery.DiscoveryClient    : Discovery Client initialized at timestamp 1778643340177 with initial instances count: 10
2026-05-13T09:05:40.202+05:30  INFO 14544 --- [resource-infra-service] [restartedMain] o.s.c.n.e.s.EurekaServiceRegistry        : Registering application RESOURCE-INFRA-SERVICE with eureka with status UP
2026-05-13T09:05:40.202+05:30  INFO 14544 --- [resource-infra-service] [restartedMain] com.netflix.discovery.DiscoveryClient    : Saw local status change event StatusChangeEvent [timestamp=1778643340202, current=UP, previous=STARTING]
2026-05-13T09:05:40.202+05:30  INFO 14544 --- [resource-infra-service] [DiscoveryClient-InstanceInfoReplicator-%d] com.netflix.discovery.DiscoveryClient    : DiscoveryClient_RESOURCE-INFRA-SERVICE/LTIN703242.cts.com:resource-infra-service:8082: registering service...
2026-05-13T09:05:40.210+05:30  INFO 14544 --- [resource-infra-service] [restartedMain] o.s.boot.tomcat.TomcatWebServer          : Tomcat started on port 8082 (http) with context path '/'
2026-05-13T09:05:40.211+05:30  INFO 14544 --- [resource-infra-service] [restartedMain] .s.c.n.e.s.EurekaAutoServiceRegistration : Updating port to 8082
2026-05-13T09:05:40.224+05:30  INFO 14544 --- [resource-infra-service] [DiscoveryClient-InstanceInfoReplicator-%d] com.netflix.discovery.DiscoveryClient    : DiscoveryClient_RESOURCE-INFRA-SERVICE/LTIN703242.cts.com:resource-infra-service:8082 - registration status: 204
2026-05-13T09:05:40.240+05:30  INFO 14544 --- [resource-infra-service] [restartedMain] c.e.d.ResourceInfraServiceApplication    : Started ResourceInfraServiceApplication in 8.435 seconds (process running for 2241.001)
2026-05-13T09:05:40.245+05:30  INFO 14544 --- [resource-infra-service] [restartedMain] .ConditionEvaluationDeltaLoggingListener : Condition evaluation unchanged
2026-05-13T09:10:11.246+05:30  INFO 14544 --- [resource-infra-service] [File Watcher] rtingClassPathChangeChangedEventListener : Restarting due to 1 class path change (0 additions, 0 deletions, 1 modification)
2026-05-13T09:10:11.247+05:30  INFO 14544 --- [resource-infra-service] [Thread-25] o.s.c.n.e.s.EurekaServiceRegistry        : Unregistering application RESOURCE-INFRA-SERVICE with eureka with status DOWN
2026-05-13T09:10:11.247+05:30  INFO 14544 --- [resource-infra-service] [Thread-25] com.netflix.discovery.DiscoveryClient    : Saw local status change event StatusChangeEvent [timestamp=1778643611247, current=DOWN, previous=UP]
2026-05-13T09:10:11.247+05:30  INFO 14544 --- [resource-infra-service] [DiscoveryClient-InstanceInfoReplicator-%d] com.netflix.discovery.DiscoveryClient    : DiscoveryClient_RESOURCE-INFRA-SERVICE/LTIN703242.cts.com:resource-infra-service:8082: registering service...
2026-05-13T09:10:11.248+05:30  INFO 14544 --- [resource-infra-service] [Thread-25] o.s.boot.tomcat.GracefulShutdown         : Commencing graceful shutdown. Waiting for active requests to complete
2026-05-13T09:10:11.250+05:30  INFO 14544 --- [resource-infra-service] [DiscoveryClient-InstanceInfoReplicator-%d] com.netflix.discovery.DiscoveryClient    : DiscoveryClient_RESOURCE-INFRA-SERVICE/LTIN703242.cts.com:resource-infra-service:8082 - registration status: 204
2026-05-13T09:10:11.255+05:30  INFO 14544 --- [resource-infra-service] [tomcat-shutdown] o.s.boot.tomcat.GracefulShutdown         : Graceful shutdown complete
2026-05-13T09:10:11.260+05:30  INFO 14544 --- [resource-infra-service] [Thread-25] j.LocalContainerEntityManagerFactoryBean : Closing JPA EntityManagerFactory for persistence unit 'default'
2026-05-13T09:10:11.260+05:30  INFO 14544 --- [resource-infra-service] [Thread-25] com.zaxxer.hikari.HikariDataSource       : HikariPool-5 - Shutdown initiated...
2026-05-13T09:10:11.270+05:30  INFO 14544 --- [resource-infra-service] [Thread-25] com.zaxxer.hikari.HikariDataSource       : HikariPool-5 - Shutdown completed.
2026-05-13T09:10:11.272+05:30  INFO 14544 --- [resource-infra-service] [Thread-25] com.netflix.discovery.DiscoveryClient    : Shutting down DiscoveryClient ...
2026-05-13T09:10:14.273+05:30  INFO 14544 --- [resource-infra-service] [Thread-25] com.netflix.discovery.DiscoveryClient    : Unregistering ...
2026-05-13T09:10:14.290+05:30  INFO 14544 --- [resource-infra-service] [Thread-25] com.netflix.discovery.DiscoveryClient    : DiscoveryClient_RESOURCE-INFRA-SERVICE/LTIN703242.cts.com:resource-infra-service:8082 - deregister  status: 200
2026-05-13T09:10:14.291+05:30  INFO 14544 --- [resource-infra-service] [Thread-25] com.netflix.discovery.DiscoveryClient    : Completed shut down of DiscoveryClient
2026-05-13T09:10:15.269+05:30  INFO 14544 --- [resource-infra-service] [restartedMain] c.e.d.ResourceInfraServiceApplication    : Starting ResourceInfraServiceApplication using Java 21.0.8 with PID 14544 (C:\Users\2481450\OneDrive - Cognizant\Desktop\green-gov-microservice\resource-infra-service\target\classes started by 2481450 in C:\Users\2481450\OneDrive - Cognizant\Desktop\green-gov-microservice\resource-infra-service)
2026-05-13T09:10:15.269+05:30  INFO 14544 --- [resource-infra-service] [restartedMain] c.e.d.ResourceInfraServiceApplication    : No active profile set, falling back to 1 default profile: "default"
2026-05-13T09:10:15.272+05:30  INFO 14544 --- [resource-infra-service] [restartedMain] o.s.c.c.c.ConfigServerConfigDataLoader   : Fetching config from server at : http://localhost:8711
2026-05-13T09:10:15.272+05:30  INFO 14544 --- [resource-infra-service] [restartedMain] o.s.c.c.c.ConfigServerConfigDataLoader   : Located environment: name=resource-infra-service, profiles=[default], label=null, version=cce02294c53cbe23bacad52895bb56ea0cfeeb6e, state=
2026-05-13T09:10:15.671+05:30  INFO 14544 --- [resource-infra-service] [restartedMain] .s.d.r.c.RepositoryConfigurationDelegate : Bootstrapping Spring Data JPA repositories in DEFAULT mode.
2026-05-13T09:10:15.685+05:30  INFO 14544 --- [resource-infra-service] [restartedMain] .s.d.r.c.RepositoryConfigurationDelegate : Finished Spring Data repository scanning in 12 ms. Found 2 JPA repository interfaces.
2026-05-13T09:10:15.812+05:30  INFO 14544 --- [resource-infra-service] [restartedMain] o.s.cloud.context.scope.GenericScope     : BeanFactory id=74d08662-4b7a-3878-81a1-ae2a05ebcfff
2026-05-13T09:10:16.049+05:30  INFO 14544 --- [resource-infra-service] [restartedMain] o.s.boot.tomcat.TomcatWebServer          : Tomcat initialized with port 8082 (http)
2026-05-13T09:10:16.051+05:30  INFO 14544 --- [resource-infra-service] [restartedMain] o.apache.catalina.core.StandardService   : Starting service [Tomcat]
2026-05-13T09:10:16.051+05:30  INFO 14544 --- [resource-infra-service] [restartedMain] o.apache.catalina.core.StandardEngine    : Starting Servlet engine: [Apache Tomcat/11.0.20]
2026-05-13T09:10:16.102+05:30  INFO 14544 --- [resource-infra-service] [restartedMain] b.w.c.s.WebApplicationContextInitializer : Root WebApplicationContext: initialization completed in 829 ms
2026-05-13T09:10:16.347+05:30  INFO 14544 --- [resource-infra-service] [restartedMain] org.hibernate.orm.jpa                    : HHH008540: Processing PersistenceUnitInfo [name: default]
2026-05-13T09:10:16.374+05:30  INFO 14544 --- [resource-infra-service] [restartedMain] o.s.o.j.p.SpringPersistenceUnitInfo      : No LoadTimeWeaver setup: ignoring JPA class transformer
2026-05-13T09:10:16.375+05:30  INFO 14544 --- [resource-infra-service] [restartedMain] com.zaxxer.hikari.HikariDataSource       : HikariPool-6 - Starting...
2026-05-13T09:10:16.402+05:30  INFO 14544 --- [resource-infra-service] [restartedMain] com.zaxxer.hikari.pool.HikariPool        : HikariPool-6 - Added connection com.mysql.cj.jdbc.ConnectionImpl@2e5b910f
2026-05-13T09:10:16.402+05:30  INFO 14544 --- [resource-infra-service] [restartedMain] com.zaxxer.hikari.HikariDataSource       : HikariPool-6 - Start completed.
2026-05-13T09:10:16.403+05:30  WARN 14544 --- [resource-infra-service] [restartedMain] org.hibernate.orm.deprecation            : HHH90000025: MySQLDialect does not need to be specified explicitly using 'hibernate.dialect' (remove the property setting and it will be selected by default)
2026-05-13T09:10:16.404+05:30  INFO 14544 --- [resource-infra-service] [restartedMain] org.hibernate.orm.connections.pooling    : HHH10001005: Database info:
	Database JDBC URL [jdbc:mysql://localhost:3306/GreenGov_Microservice?createDatabaseIfNotExist=true]
	Database driver: MySQL Connector/J
	Database dialect: MySQLDialect
	Database version: 8.0.44
	Default catalog/schema: GreenGov_Microservice/undefined
	Autocommit mode: undefined/unknown
	Isolation level: REPEATABLE_READ [default REPEATABLE_READ]
	JDBC fetch size: none
	Pool: DataSourceConnectionProvider
	Minimum pool size: undefined/unknown
	Maximum pool size: undefined/unknown
2026-05-13T09:10:16.467+05:30  INFO 14544 --- [resource-infra-service] [restartedMain] org.hibernate.orm.core                   : HHH000489: No JTA platform available (set 'hibernate.transaction.jta.platform' to enable JTA platform integration)
2026-05-13T09:10:16.490+05:30  INFO 14544 --- [resource-infra-service] [restartedMain] j.LocalContainerEntityManagerFactoryBean : Initialized JPA EntityManagerFactory for persistence unit 'default'
2026-05-13T09:10:16.712+05:30  WARN 14544 --- [resource-infra-service] [restartedMain] JpaBaseConfiguration$JpaWebConfiguration : spring.jpa.open-in-view is enabled by default. Therefore, database queries may be performed during view rendering. Explicitly configure spring.jpa.open-in-view to disable this warning
2026-05-13T09:10:16.840+05:30  INFO 14544 --- [resource-infra-service] [restartedMain] o.s.c.openfeign.FeignClientFactoryBean   : For 'SUSTAINABILITYPROJECTSERVICE' URL not provided. Will try picking an instance via load-balancing.
2026-05-13T09:10:16.960+05:30  INFO 14544 --- [resource-infra-service] [restartedMain] o.s.c.openfeign.FeignClientFactoryBean   : For 'NOTIFICATIONS-SERVICE' URL not provided. Will try picking an instance via load-balancing.
2026-05-13T09:10:18.061+05:30  INFO 14544 --- [resource-infra-service] [restartedMain] DiscoveryClientOptionalArgsConfiguration : Eureka HTTP Client uses RestClient.
2026-05-13T09:10:18.127+05:30  WARN 14544 --- [resource-infra-service] [restartedMain] iguration$LoadBalancerCaffeineWarnLogger : Spring Cloud LoadBalancer is currently working with the default cache. While this cache implementation is useful for development and tests, it's recommended to use Caffeine cache in production.You can switch to using Caffeine cache, by adding it and org.springframework.cache.caffeine.CaffeineCacheManager to the classpath.
2026-05-13T09:10:18.147+05:30  INFO 14544 --- [resource-infra-service] [restartedMain] o.s.b.a.e.web.EndpointLinksResolver      : Exposing 1 endpoint beneath base path '/actuator'
2026-05-13T09:10:18.203+05:30  INFO 14544 --- [resource-infra-service] [restartedMain] o.s.c.n.eureka.InstanceInfoFactory       : Setting initial instance status as: STARTING
2026-05-13T09:10:18.212+05:30  INFO 14544 --- [resource-infra-service] [restartedMain] com.netflix.discovery.DiscoveryClient    : Initializing Eureka in region us-east-1
2026-05-13T09:10:18.212+05:30  INFO 14544 --- [resource-infra-service] [restartedMain] c.n.d.s.r.aws.ConfigClusterResolver      : Resolving eureka endpoints via configuration
2026-05-13T09:10:18.212+05:30  INFO 14544 --- [resource-infra-service] [restartedMain] com.netflix.discovery.DiscoveryClient    : Disable delta property : false
2026-05-13T09:10:18.212+05:30  INFO 14544 --- [resource-infra-service] [restartedMain] com.netflix.discovery.DiscoveryClient    : Single vip registry refresh property : null
2026-05-13T09:10:18.213+05:30  INFO 14544 --- [resource-infra-service] [restartedMain] com.netflix.discovery.DiscoveryClient    : Force full registry fetch : false
2026-05-13T09:10:18.213+05:30  INFO 14544 --- [resource-infra-service] [restartedMain] com.netflix.discovery.DiscoveryClient    : Application is null : false
2026-05-13T09:10:18.213+05:30  INFO 14544 --- [resource-infra-service] [restartedMain] com.netflix.discovery.DiscoveryClient    : Registered Applications size is zero : true
2026-05-13T09:10:18.213+05:30  INFO 14544 --- [resource-infra-service] [restartedMain] com.netflix.discovery.DiscoveryClient    : Application version is -1: true
2026-05-13T09:10:18.213+05:30  INFO 14544 --- [resource-infra-service] [restartedMain] com.netflix.discovery.DiscoveryClient    : Getting all instance registry info from the eureka server
2026-05-13T09:10:18.253+05:30  INFO 14544 --- [resource-infra-service] [restartedMain] com.netflix.discovery.DiscoveryClient    : The response status is 200
2026-05-13T09:10:18.254+05:30  INFO 14544 --- [resource-infra-service] [restartedMain] com.netflix.discovery.DiscoveryClient    : Starting heartbeat executor: renew interval is: 30
2026-05-13T09:10:18.255+05:30  INFO 14544 --- [resource-infra-service] [restartedMain] c.n.discovery.InstanceInfoReplicator     : InstanceInfoReplicator onDemand update allowed rate per min is 4
2026-05-13T09:10:18.255+05:30  INFO 14544 --- [resource-infra-service] [restartedMain] com.netflix.discovery.DiscoveryClient    : Discovery Client initialized at timestamp 1778643618255 with initial instances count: 10
2026-05-13T09:10:18.268+05:30  INFO 14544 --- [resource-infra-service] [restartedMain] o.s.c.n.e.s.EurekaServiceRegistry        : Registering application RESOURCE-INFRA-SERVICE with eureka with status UP
2026-05-13T09:10:18.268+05:30  INFO 14544 --- [resource-infra-service] [restartedMain] com.netflix.discovery.DiscoveryClient    : Saw local status change event StatusChangeEvent [timestamp=1778643618268, current=UP, previous=STARTING]
2026-05-13T09:10:18.268+05:30  INFO 14544 --- [resource-infra-service] [DiscoveryClient-InstanceInfoReplicator-%d] com.netflix.discovery.DiscoveryClient    : DiscoveryClient_RESOURCE-INFRA-SERVICE/LTIN703242.cts.com:resource-infra-service:8082: registering service...
2026-05-13T09:10:18.274+05:30  INFO 14544 --- [resource-infra-service] [restartedMain] o.s.boot.tomcat.TomcatWebServer          : Tomcat started on port 8082 (http) with context path '/'
2026-05-13T09:10:18.275+05:30  INFO 14544 --- [resource-infra-service] [restartedMain] .s.c.n.e.s.EurekaAutoServiceRegistration : Updating port to 8082
2026-05-13T09:10:18.288+05:30  INFO 14544 --- [resource-infra-service] [DiscoveryClient-InstanceInfoReplicator-%d] com.netflix.discovery.DiscoveryClient    : DiscoveryClient_RESOURCE-INFRA-SERVICE/LTIN703242.cts.com:resource-infra-service:8082 - registration status: 204
2026-05-13T09:10:18.293+05:30  INFO 14544 --- [resource-infra-service] [restartedMain] c.e.d.ResourceInfraServiceApplication    : Started ResourceInfraServiceApplication in 3.932 seconds (process running for 2519.054)
2026-05-13T09:10:18.297+05:30  INFO 14544 --- [resource-infra-service] [restartedMain] .ConditionEvaluationDeltaLoggingListener : Condition evaluation unchanged
2026-05-13T09:15:18.223+05:30  INFO 14544 --- [resource-infra-service] [AsyncResolver-bootstrap-executor-%d] c.n.d.s.r.aws.ConfigClusterResolver      : Resolving eureka endpoints via configuration
2026-05-13T09:15:35.799+05:30  INFO 14544 --- [resource-infra-service] [http-nio-8082-exec-1] o.a.c.c.C.[Tomcat].[localhost].[/]       : Initializing Spring DispatcherServlet 'dispatcherServlet'
2026-05-13T09:15:35.799+05:30  INFO 14544 --- [resource-infra-service] [http-nio-8082-exec-1] o.s.web.servlet.DispatcherServlet        : Initializing Servlet 'dispatcherServlet'
2026-05-13T09:15:35.804+05:30  INFO 14544 --- [resource-infra-service] [http-nio-8082-exec-1] o.s.web.servlet.DispatcherServlet        : Completed initialization in 5 ms
2026-05-13T09:15:35.810+05:30  WARN 14544 --- [resource-infra-service] [http-nio-8082-exec-1] c.e.d.c.InfrastructureController         : REST request to DELETE infrastructure ID: 8
2026-05-13T09:15:36.274+05:30  INFO 14544 --- [resource-infra-service] [http-nio-8082-exec-1] c.e.d.service.InfrastructureServiceImpl  : Notification request processed (either sent or handled by fallback).
2026-05-13T09:15:36.274+05:30  INFO 14544 --- [resource-infra-service] [http-nio-8082-exec-1] c.e.d.service.InfrastructureServiceImpl  : Infrastructure ID 8 successfully purged.
2026-05-13T09:15:36.344+05:30  INFO 14544 --- [resource-infra-service] [http-nio-8082-exec-2] c.e.d.c.InfrastructureController         : Fetching all infrastructure records.
2026-05-13T09:16:31.018+05:30  INFO 14544 --- [resource-infra-service] [http-nio-8082-exec-3] c.e.demo.controller.ResourceController   : Fetching global resource inventory.
2026-05-13T09:16:31.062+05:30  INFO 14544 --- [resource-infra-service] [http-nio-8082-exec-4] c.e.demo.controller.ResourceController   : Fetching global resource inventory.
2026-05-13T09:20:18.235+05:30  INFO 14544 --- [resource-infra-service] [AsyncResolver-bootstrap-executor-%d] c.n.d.s.r.aws.ConfigClusterResolver      : Resolving eureka endpoints via configuration
2026-05-13T09:25:02.430+05:30  WARN 14544 --- [resource-infra-service] [HikariPool-6:housekeeper] com.zaxxer.hikari.pool.HikariPool        : HikariPool-6 - Thread starvation or clock leap detected (housekeeper delta=1m45s698ms197µs600ns).
2026-05-13T09:26:36.417+05:30  INFO 14544 --- [resource-infra-service] [AsyncResolver-bootstrap-executor-%d] c.n.d.s.r.aws.ConfigClusterResolver      : Resolving eureka endpoints via configuration
2026-05-13T09:31:36.429+05:30  INFO 14544 --- [resource-infra-service] [AsyncResolver-bootstrap-executor-%d] c.n.d.s.r.aws.ConfigClusterResolver      : Resolving eureka endpoints via configuration
2026-05-13T09:36:36.433+05:30  INFO 14544 --- [resource-infra-service] [AsyncResolver-bootstrap-executor-%d] c.n.d.s.r.aws.ConfigClusterResolver      : Resolving eureka endpoints via configuration
2026-05-13T09:41:36.443+05:30  INFO 14544 --- [resource-infra-service] [AsyncResolver-bootstrap-executor-%d] c.n.d.s.r.aws.ConfigClusterResolver      : Resolving eureka endpoints via configuration
2026-05-13T09:42:42.002+05:30  INFO 14544 --- [resource-infra-service] [File Watcher] rtingClassPathChangeChangedEventListener : Restarting due to 3 class path changes (0 additions, 0 deletions, 3 modifications)
2026-05-13T09:42:42.052+05:30  INFO 14544 --- [resource-infra-service] [Thread-31] o.s.c.n.e.s.EurekaServiceRegistry        : Unregistering application RESOURCE-INFRA-SERVICE with eureka with status DOWN
2026-05-13T09:42:42.053+05:30  INFO 14544 --- [resource-infra-service] [Thread-31] com.netflix.discovery.DiscoveryClient    : Saw local status change event StatusChangeEvent [timestamp=1778645562053, current=DOWN, previous=UP]
2026-05-13T09:42:42.054+05:30  INFO 14544 --- [resource-infra-service] [DiscoveryClient-InstanceInfoReplicator-%d] com.netflix.discovery.DiscoveryClient    : DiscoveryClient_RESOURCE-INFRA-SERVICE/LTIN703242.cts.com:resource-infra-service:8082: registering service...
2026-05-13T09:42:42.127+05:30  INFO 14544 --- [resource-infra-service] [DiscoveryClient-InstanceInfoReplicator-%d] com.netflix.discovery.DiscoveryClient    : DiscoveryClient_RESOURCE-INFRA-SERVICE/LTIN703242.cts.com:resource-infra-service:8082 - registration status: 204
2026-05-13T09:42:42.211+05:30  INFO 14544 --- [resource-infra-service] [Thread-31] o.s.boot.tomcat.GracefulShutdown         : Commencing graceful shutdown. Waiting for active requests to complete
2026-05-13T09:42:42.237+05:30  INFO 14544 --- [resource-infra-service] [tomcat-shutdown] o.s.boot.tomcat.GracefulShutdown         : Graceful shutdown complete
2026-05-13T09:42:42.374+05:30  INFO 14544 --- [resource-infra-service] [Thread-31] j.LocalContainerEntityManagerFactoryBean : Closing JPA EntityManagerFactory for persistence unit 'default'
2026-05-13T09:42:42.520+05:30  INFO 14544 --- [resource-infra-service] [Thread-31] com.zaxxer.hikari.HikariDataSource       : HikariPool-6 - Shutdown initiated...
2026-05-13T09:42:42.533+05:30  INFO 14544 --- [resource-infra-service] [Thread-31] com.zaxxer.hikari.HikariDataSource       : HikariPool-6 - Shutdown completed.
2026-05-13T09:42:42.540+05:30  INFO 14544 --- [resource-infra-service] [Thread-31] com.netflix.discovery.DiscoveryClient    : Shutting down DiscoveryClient ...
2026-05-13T09:42:45.549+05:30  INFO 14544 --- [resource-infra-service] [Thread-31] com.netflix.discovery.DiscoveryClient    : Unregistering ...
2026-05-13T09:42:45.567+05:30  INFO 14544 --- [resource-infra-service] [Thread-31] com.netflix.discovery.DiscoveryClient    : DiscoveryClient_RESOURCE-INFRA-SERVICE/LTIN703242.cts.com:resource-infra-service:8082 - deregister  status: 200
2026-05-13T09:42:45.567+05:30  INFO 14544 --- [resource-infra-service] [Thread-31] com.netflix.discovery.DiscoveryClient    : Completed shut down of DiscoveryClient
2026-05-13T09:42:47.323+05:30  INFO 14544 --- [resource-infra-service] [restartedMain] c.e.d.ResourceInfraServiceApplication    : Starting ResourceInfraServiceApplication using Java 21.0.8 with PID 14544 (C:\Users\2481450\OneDrive - Cognizant\Desktop\green-gov-microservice\resource-infra-service\target\classes started by 2481450 in C:\Users\2481450\OneDrive - Cognizant\Desktop\green-gov-microservice\resource-infra-service)
2026-05-13T09:42:47.324+05:30  INFO 14544 --- [resource-infra-service] [restartedMain] c.e.d.ResourceInfraServiceApplication    : No active profile set, falling back to 1 default profile: "default"
2026-05-13T09:42:47.326+05:30  INFO 14544 --- [resource-infra-service] [restartedMain] o.s.c.c.c.ConfigServerConfigDataLoader   : Fetching config from server at : http://localhost:8711
2026-05-13T09:42:47.326+05:30  INFO 14544 --- [resource-infra-service] [restartedMain] o.s.c.c.c.ConfigServerConfigDataLoader   : Located environment: name=resource-infra-service, profiles=[default], label=null, version=cce02294c53cbe23bacad52895bb56ea0cfeeb6e, state=
2026-05-13T09:42:47.848+05:30  INFO 14544 --- [resource-infra-service] [restartedMain] .s.d.r.c.RepositoryConfigurationDelegate : Bootstrapping Spring Data JPA repositories in DEFAULT mode.
2026-05-13T09:42:47.864+05:30  INFO 14544 --- [resource-infra-service] [restartedMain] .s.d.r.c.RepositoryConfigurationDelegate : Finished Spring Data repository scanning in 14 ms. Found 2 JPA repository interfaces.
2026-05-13T09:42:48.015+05:30  INFO 14544 --- [resource-infra-service] [restartedMain] o.s.cloud.context.scope.GenericScope     : BeanFactory id=74d08662-4b7a-3878-81a1-ae2a05ebcfff
2026-05-13T09:42:48.385+05:30  INFO 14544 --- [resource-infra-service] [restartedMain] o.s.boot.tomcat.TomcatWebServer          : Tomcat initialized with port 8082 (http)
2026-05-13T09:42:48.388+05:30  INFO 14544 --- [resource-infra-service] [restartedMain] o.apache.catalina.core.StandardService   : Starting service [Tomcat]
2026-05-13T09:42:48.389+05:30  INFO 14544 --- [resource-infra-service] [restartedMain] o.apache.catalina.core.StandardEngine    : Starting Servlet engine: [Apache Tomcat/11.0.20]
2026-05-13T09:42:48.463+05:30  INFO 14544 --- [resource-infra-service] [restartedMain] b.w.c.s.WebApplicationContextInitializer : Root WebApplicationContext: initialization completed in 1136 ms
2026-05-13T09:42:48.726+05:30  INFO 14544 --- [resource-infra-service] [restartedMain] org.hibernate.orm.jpa                    : HHH008540: Processing PersistenceUnitInfo [name: default]
2026-05-13T09:42:48.758+05:30  INFO 14544 --- [resource-infra-service] [restartedMain] o.s.o.j.p.SpringPersistenceUnitInfo      : No LoadTimeWeaver setup: ignoring JPA class transformer
2026-05-13T09:42:48.759+05:30  INFO 14544 --- [resource-infra-service] [restartedMain] com.zaxxer.hikari.HikariDataSource       : HikariPool-7 - Starting...
2026-05-13T09:42:48.774+05:30  INFO 14544 --- [resource-infra-service] [restartedMain] com.zaxxer.hikari.pool.HikariPool        : HikariPool-7 - Added connection com.mysql.cj.jdbc.ConnectionImpl@41f5391d
2026-05-13T09:42:48.774+05:30  INFO 14544 --- [resource-infra-service] [restartedMain] com.zaxxer.hikari.HikariDataSource       : HikariPool-7 - Start completed.
2026-05-13T09:42:48.776+05:30  WARN 14544 --- [resource-infra-service] [restartedMain] org.hibernate.orm.deprecation            : HHH90000025: MySQLDialect does not need to be specified explicitly using 'hibernate.dialect' (remove the property setting and it will be selected by default)
2026-05-13T09:42:48.777+05:30  INFO 14544 --- [resource-infra-service] [restartedMain] org.hibernate.orm.connections.pooling    : HHH10001005: Database info:
	Database JDBC URL [jdbc:mysql://localhost:3306/GreenGov_Microservice?createDatabaseIfNotExist=true]
	Database driver: MySQL Connector/J
	Database dialect: MySQLDialect
	Database version: 8.0.44
	Default catalog/schema: GreenGov_Microservice/undefined
	Autocommit mode: undefined/unknown
	Isolation level: REPEATABLE_READ [default REPEATABLE_READ]
	JDBC fetch size: none
	Pool: DataSourceConnectionProvider
	Minimum pool size: undefined/unknown
	Maximum pool size: undefined/unknown
2026-05-13T09:42:48.822+05:30  INFO 14544 --- [resource-infra-service] [restartedMain] org.hibernate.orm.core                   : HHH000489: No JTA platform available (set 'hibernate.transaction.jta.platform' to enable JTA platform integration)
2026-05-13T09:42:48.877+05:30  INFO 14544 --- [resource-infra-service] [restartedMain] j.LocalContainerEntityManagerFactoryBean : Initialized JPA EntityManagerFactory for persistence unit 'default'
2026-05-13T09:42:49.090+05:30  WARN 14544 --- [resource-infra-service] [restartedMain] JpaBaseConfiguration$JpaWebConfiguration : spring.jpa.open-in-view is enabled by default. Therefore, database queries may be performed during view rendering. Explicitly configure spring.jpa.open-in-view to disable this warning
2026-05-13T09:42:49.204+05:30  INFO 14544 --- [resource-infra-service] [restartedMain] o.s.c.openfeign.FeignClientFactoryBean   : For 'SUSTAINABILITYPROJECTSERVICE' URL not provided. Will try picking an instance via load-balancing.
2026-05-13T09:42:49.320+05:30  INFO 14544 --- [resource-infra-service] [restartedMain] o.s.c.openfeign.FeignClientFactoryBean   : For 'NOTIFICATIONS-SERVICE' URL not provided. Will try picking an instance via load-balancing.
2026-05-13T09:42:50.508+05:30  INFO 14544 --- [resource-infra-service] [restartedMain] DiscoveryClientOptionalArgsConfiguration : Eureka HTTP Client uses RestClient.
2026-05-13T09:42:50.584+05:30  WARN 14544 --- [resource-infra-service] [restartedMain] iguration$LoadBalancerCaffeineWarnLogger : Spring Cloud LoadBalancer is currently working with the default cache. While this cache implementation is useful for development and tests, it's recommended to use Caffeine cache in production.You can switch to using Caffeine cache, by adding it and org.springframework.cache.caffeine.CaffeineCacheManager to the classpath.
2026-05-13T09:42:50.606+05:30  INFO 14544 --- [resource-infra-service] [restartedMain] o.s.b.a.e.web.EndpointLinksResolver      : Exposing 1 endpoint beneath base path '/actuator'
2026-05-13T09:42:50.658+05:30  INFO 14544 --- [resource-infra-service] [restartedMain] o.s.c.n.eureka.InstanceInfoFactory       : Setting initial instance status as: STARTING
2026-05-13T09:42:50.664+05:30  INFO 14544 --- [resource-infra-service] [restartedMain] com.netflix.discovery.DiscoveryClient    : Initializing Eureka in region us-east-1
2026-05-13T09:42:50.664+05:30  INFO 14544 --- [resource-infra-service] [restartedMain] c.n.d.s.r.aws.ConfigClusterResolver      : Resolving eureka endpoints via configuration
2026-05-13T09:42:50.665+05:30  INFO 14544 --- [resource-infra-service] [restartedMain] com.netflix.discovery.DiscoveryClient    : Disable delta property : false
2026-05-13T09:42:50.665+05:30  INFO 14544 --- [resource-infra-service] [restartedMain] com.netflix.discovery.DiscoveryClient    : Single vip registry refresh property : null
2026-05-13T09:42:50.665+05:30  INFO 14544 --- [resource-infra-service] [restartedMain] com.netflix.discovery.DiscoveryClient    : Force full registry fetch : false
2026-05-13T09:42:50.665+05:30  INFO 14544 --- [resource-infra-service] [restartedMain] com.netflix.discovery.DiscoveryClient    : Application is null : false
2026-05-13T09:42:50.665+05:30  INFO 14544 --- [resource-infra-service] [restartedMain] com.netflix.discovery.DiscoveryClient    : Registered Applications size is zero : true
2026-05-13T09:42:50.665+05:30  INFO 14544 --- [resource-infra-service] [restartedMain] com.netflix.discovery.DiscoveryClient    : Application version is -1: true
2026-05-13T09:42:50.665+05:30  INFO 14544 --- [resource-infra-service] [restartedMain] com.netflix.discovery.DiscoveryClient    : Getting all instance registry info from the eureka server
2026-05-13T09:42:50.743+05:30  INFO 14544 --- [resource-infra-service] [restartedMain] com.netflix.discovery.DiscoveryClient    : The response status is 200
2026-05-13T09:42:50.746+05:30  INFO 14544 --- [resource-infra-service] [restartedMain] com.netflix.discovery.DiscoveryClient    : Starting heartbeat executor: renew interval is: 30
2026-05-13T09:42:50.746+05:30  INFO 14544 --- [resource-infra-service] [restartedMain] c.n.discovery.InstanceInfoReplicator     : InstanceInfoReplicator onDemand update allowed rate per min is 4
2026-05-13T09:42:50.747+05:30  INFO 14544 --- [resource-infra-service] [restartedMain] com.netflix.discovery.DiscoveryClient    : Discovery Client initialized at timestamp 1778645570747 with initial instances count: 9
2026-05-13T09:42:50.766+05:30  INFO 14544 --- [resource-infra-service] [restartedMain] o.s.c.n.e.s.EurekaServiceRegistry        : Registering application RESOURCE-INFRA-SERVICE with eureka with status UP
2026-05-13T09:42:50.766+05:30  INFO 14544 --- [resource-infra-service] [restartedMain] com.netflix.discovery.DiscoveryClient    : Saw local status change event StatusChangeEvent [timestamp=1778645570766, current=UP, previous=STARTING]
2026-05-13T09:42:50.766+05:30  INFO 14544 --- [resource-infra-service] [DiscoveryClient-InstanceInfoReplicator-%d] com.netflix.discovery.DiscoveryClient    : DiscoveryClient_RESOURCE-INFRA-SERVICE/LTIN703242.cts.com:resource-infra-service:8082: registering service...
2026-05-13T09:42:50.773+05:30  INFO 14544 --- [resource-infra-service] [restartedMain] o.s.boot.tomcat.TomcatWebServer          : Tomcat started on port 8082 (http) with context path '/'
2026-05-13T09:42:50.773+05:30  INFO 14544 --- [resource-infra-service] [restartedMain] .s.c.n.e.s.EurekaAutoServiceRegistration : Updating port to 8082
2026-05-13T09:42:50.783+05:30  INFO 14544 --- [resource-infra-service] [DiscoveryClient-InstanceInfoReplicator-%d] com.netflix.discovery.DiscoveryClient    : DiscoveryClient_RESOURCE-INFRA-SERVICE/LTIN703242.cts.com:resource-infra-service:8082 - registration status: 204
2026-05-13T09:42:50.795+05:30  INFO 14544 --- [resource-infra-service] [restartedMain] c.e.d.ResourceInfraServiceApplication    : Started ResourceInfraServiceApplication in 4.746 seconds (process running for 4471.556)
2026-05-13T09:42:50.799+05:30  INFO 14544 --- [resource-infra-service] [restartedMain] .ConditionEvaluationDeltaLoggingListener : Condition evaluation unchanged
2026-05-13T09:42:57.070+05:30  INFO 14544 --- [resource-infra-service] [File Watcher] rtingClassPathChangeChangedEventListener : Restarting due to 34 class path changes (0 additions, 0 deletions, 34 modifications)
2026-05-13T09:42:57.070+05:30  INFO 14544 --- [resource-infra-service] [Thread-37] o.s.c.n.e.s.EurekaServiceRegistry        : Unregistering application RESOURCE-INFRA-SERVICE with eureka with status DOWN
2026-05-13T09:42:57.070+05:30  INFO 14544 --- [resource-infra-service] [Thread-37] com.netflix.discovery.DiscoveryClient    : Saw local status change event StatusChangeEvent [timestamp=1778645577070, current=DOWN, previous=UP]
2026-05-13T09:42:57.070+05:30  INFO 14544 --- [resource-infra-service] [DiscoveryClient-InstanceInfoReplicator-%d] com.netflix.discovery.DiscoveryClient    : DiscoveryClient_RESOURCE-INFRA-SERVICE/LTIN703242.cts.com:resource-infra-service:8082: registering service...
2026-05-13T09:42:57.071+05:30  INFO 14544 --- [resource-infra-service] [Thread-37] o.s.boot.tomcat.GracefulShutdown         : Commencing graceful shutdown. Waiting for active requests to complete
2026-05-13T09:42:57.077+05:30  INFO 14544 --- [resource-infra-service] [tomcat-shutdown] o.s.boot.tomcat.GracefulShutdown         : Graceful shutdown complete
2026-05-13T09:42:57.081+05:30  INFO 14544 --- [resource-infra-service] [Thread-37] j.LocalContainerEntityManagerFactoryBean : Closing JPA EntityManagerFactory for persistence unit 'default'
2026-05-13T09:42:57.081+05:30  INFO 14544 --- [resource-infra-service] [Thread-37] com.zaxxer.hikari.HikariDataSource       : HikariPool-7 - Shutdown initiated...
2026-05-13T09:42:57.084+05:30  INFO 14544 --- [resource-infra-service] [Thread-37] com.zaxxer.hikari.HikariDataSource       : HikariPool-7 - Shutdown completed.
2026-05-13T09:42:57.085+05:30  INFO 14544 --- [resource-infra-service] [Thread-37] com.netflix.discovery.DiscoveryClient    : Shutting down DiscoveryClient ...
2026-05-13T09:42:57.086+05:30  INFO 14544 --- [resource-infra-service] [DiscoveryClient-InstanceInfoReplicator-%d] com.netflix.discovery.DiscoveryClient    : DiscoveryClient_RESOURCE-INFRA-SERVICE/LTIN703242.cts.com:resource-infra-service:8082 - registration status: 204
2026-05-13T09:42:57.086+05:30  INFO 14544 --- [resource-infra-service] [Thread-37] com.netflix.discovery.DiscoveryClient    : Unregistering ...
2026-05-13T09:42:57.088+05:30  INFO 14544 --- [resource-infra-service] [Thread-37] com.netflix.discovery.DiscoveryClient    : DiscoveryClient_RESOURCE-INFRA-SERVICE/LTIN703242.cts.com:resource-infra-service:8082 - deregister  status: 200
2026-05-13T09:42:57.088+05:30  INFO 14544 --- [resource-infra-service] [Thread-37] com.netflix.discovery.DiscoveryClient    : Completed shut down of DiscoveryClient
2026-05-13T09:42:57.936+05:30  INFO 14544 --- [resource-infra-service] [restartedMain] c.e.d.ResourceInfraServiceApplication    : Starting ResourceInfraServiceApplication using Java 21.0.8 with PID 14544 (C:\Users\2481450\OneDrive - Cognizant\Desktop\green-gov-microservice\resource-infra-service\target\classes started by 2481450 in C:\Users\2481450\OneDrive - Cognizant\Desktop\green-gov-microservice\resource-infra-service)
2026-05-13T09:42:57.937+05:30  INFO 14544 --- [resource-infra-service] [restartedMain] c.e.d.ResourceInfraServiceApplication    : No active profile set, falling back to 1 default profile: "default"
2026-05-13T09:42:57.938+05:30  INFO 14544 --- [resource-infra-service] [restartedMain] o.s.c.c.c.ConfigServerConfigDataLoader   : Fetching config from server at : http://localhost:8711
2026-05-13T09:42:57.938+05:30  INFO 14544 --- [resource-infra-service] [restartedMain] o.s.c.c.c.ConfigServerConfigDataLoader   : Located environment: name=resource-infra-service, profiles=[default], label=null, version=cce02294c53cbe23bacad52895bb56ea0cfeeb6e, state=
2026-05-13T09:42:58.202+05:30  INFO 14544 --- [resource-infra-service] [restartedMain] .s.d.r.c.RepositoryConfigurationDelegate : Bootstrapping Spring Data JPA repositories in DEFAULT mode.
2026-05-13T09:42:58.214+05:30  INFO 14544 --- [resource-infra-service] [restartedMain] .s.d.r.c.RepositoryConfigurationDelegate : Finished Spring Data repository scanning in 10 ms. Found 2 JPA repository interfaces.
2026-05-13T09:42:58.322+05:30  INFO 14544 --- [resource-infra-service] [restartedMain] o.s.cloud.context.scope.GenericScope     : BeanFactory id=74d08662-4b7a-3878-81a1-ae2a05ebcfff
2026-05-13T09:42:58.499+05:30  INFO 14544 --- [resource-infra-service] [restartedMain] o.s.boot.tomcat.TomcatWebServer          : Tomcat initialized with port 8082 (http)
2026-05-13T09:42:58.500+05:30  INFO 14544 --- [resource-infra-service] [restartedMain] o.apache.catalina.core.StandardService   : Starting service [Tomcat]
2026-05-13T09:42:58.500+05:30  INFO 14544 --- [resource-infra-service] [restartedMain] o.apache.catalina.core.StandardEngine    : Starting Servlet engine: [Apache Tomcat/11.0.20]
2026-05-13T09:42:58.570+05:30  INFO 14544 --- [resource-infra-service] [restartedMain] b.w.c.s.WebApplicationContextInitializer : Root WebApplicationContext: initialization completed in 632 ms
2026-05-13T09:42:58.873+05:30  INFO 14544 --- [resource-infra-service] [restartedMain] org.hibernate.orm.jpa                    : HHH008540: Processing PersistenceUnitInfo [name: default]
2026-05-13T09:42:58.897+05:30  INFO 14544 --- [resource-infra-service] [restartedMain] o.s.o.j.p.SpringPersistenceUnitInfo      : No LoadTimeWeaver setup: ignoring JPA class transformer
2026-05-13T09:42:58.898+05:30  INFO 14544 --- [resource-infra-service] [restartedMain] com.zaxxer.hikari.HikariDataSource       : HikariPool-8 - Starting...
2026-05-13T09:42:58.910+05:30  INFO 14544 --- [resource-infra-service] [restartedMain] com.zaxxer.hikari.pool.HikariPool        : HikariPool-8 - Added connection com.mysql.cj.jdbc.ConnectionImpl@d9ba712
2026-05-13T09:42:58.910+05:30  INFO 14544 --- [resource-infra-service] [restartedMain] com.zaxxer.hikari.HikariDataSource       : HikariPool-8 - Start completed.
2026-05-13T09:42:58.912+05:30  WARN 14544 --- [resource-infra-service] [restartedMain] org.hibernate.orm.deprecation            : HHH90000025: MySQLDialect does not need to be specified explicitly using 'hibernate.dialect' (remove the property setting and it will be selected by default)
2026-05-13T09:42:58.912+05:30  INFO 14544 --- [resource-infra-service] [restartedMain] org.hibernate.orm.connections.pooling    : HHH10001005: Database info:
	Database JDBC URL [jdbc:mysql://localhost:3306/GreenGov_Microservice?createDatabaseIfNotExist=true]
	Database driver: MySQL Connector/J
	Database dialect: MySQLDialect
	Database version: 8.0.44
	Default catalog/schema: GreenGov_Microservice/undefined
	Autocommit mode: undefined/unknown
	Isolation level: REPEATABLE_READ [default REPEATABLE_READ]
	JDBC fetch size: none
	Pool: DataSourceConnectionProvider
	Minimum pool size: undefined/unknown
	Maximum pool size: undefined/unknown
2026-05-13T09:42:58.953+05:30  INFO 14544 --- [resource-infra-service] [restartedMain] org.hibernate.orm.core                   : HHH000489: No JTA platform available (set 'hibernate.transaction.jta.platform' to enable JTA platform integration)
2026-05-13T09:42:58.970+05:30  INFO 14544 --- [resource-infra-service] [restartedMain] j.LocalContainerEntityManagerFactoryBean : Initialized JPA EntityManagerFactory for persistence unit 'default'
2026-05-13T09:42:59.149+05:30  WARN 14544 --- [resource-infra-service] [restartedMain] JpaBaseConfiguration$JpaWebConfiguration : spring.jpa.open-in-view is enabled by default. Therefore, database queries may be performed during view rendering. Explicitly configure spring.jpa.open-in-view to disable this warning
2026-05-13T09:42:59.277+05:30  INFO 14544 --- [resource-infra-service] [restartedMain] o.s.c.openfeign.FeignClientFactoryBean   : For 'SUSTAINABILITYPROJECTSERVICE' URL not provided. Will try picking an instance via load-balancing.
2026-05-13T09:42:59.373+05:30  INFO 14544 --- [resource-infra-service] [restartedMain] o.s.c.openfeign.FeignClientFactoryBean   : For 'NOTIFICATIONS-SERVICE' URL not provided. Will try picking an instance via load-balancing.
2026-05-13T09:43:00.352+05:30  INFO 14544 --- [resource-infra-service] [restartedMain] DiscoveryClientOptionalArgsConfiguration : Eureka HTTP Client uses RestClient.
2026-05-13T09:43:00.417+05:30  WARN 14544 --- [resource-infra-service] [restartedMain] iguration$LoadBalancerCaffeineWarnLogger : Spring Cloud LoadBalancer is currently working with the default cache. While this cache implementation is useful for development and tests, it's recommended to use Caffeine cache in production.You can switch to using Caffeine cache, by adding it and org.springframework.cache.caffeine.CaffeineCacheManager to the classpath.
2026-05-13T09:43:00.433+05:30  INFO 14544 --- [resource-infra-service] [restartedMain] o.s.b.a.e.web.EndpointLinksResolver      : Exposing 1 endpoint beneath base path '/actuator'
2026-05-13T09:43:00.472+05:30  INFO 14544 --- [resource-infra-service] [restartedMain] o.s.c.n.eureka.InstanceInfoFactory       : Setting initial instance status as: STARTING
2026-05-13T09:43:00.477+05:30  INFO 14544 --- [resource-infra-service] [restartedMain] com.netflix.discovery.DiscoveryClient    : Initializing Eureka in region us-east-1
2026-05-13T09:43:00.477+05:30  INFO 14544 --- [resource-infra-service] [restartedMain] c.n.d.s.r.aws.ConfigClusterResolver      : Resolving eureka endpoints via configuration
2026-05-13T09:43:00.477+05:30  INFO 14544 --- [resource-infra-service] [restartedMain] com.netflix.discovery.DiscoveryClient    : Disable delta property : false
2026-05-13T09:43:00.477+05:30  INFO 14544 --- [resource-infra-service] [restartedMain] com.netflix.discovery.DiscoveryClient    : Single vip registry refresh property : null
2026-05-13T09:43:00.477+05:30  INFO 14544 --- [resource-infra-service] [restartedMain] com.netflix.discovery.DiscoveryClient    : Force full registry fetch : false
2026-05-13T09:43:00.477+05:30  INFO 14544 --- [resource-infra-service] [restartedMain] com.netflix.discovery.DiscoveryClient    : Application is null : false
2026-05-13T09:43:00.477+05:30  INFO 14544 --- [resource-infra-service] [restartedMain] com.netflix.discovery.DiscoveryClient    : Registered Applications size is zero : true
2026-05-13T09:43:00.477+05:30  INFO 14544 --- [resource-infra-service] [restartedMain] com.netflix.discovery.DiscoveryClient    : Application version is -1: true
2026-05-13T09:43:00.477+05:30  INFO 14544 --- [resource-infra-service] [restartedMain] com.netflix.discovery.DiscoveryClient    : Getting all instance registry info from the eureka server
2026-05-13T09:43:00.493+05:30  INFO 14544 --- [resource-infra-service] [restartedMain] com.netflix.discovery.DiscoveryClient    : The response status is 200
2026-05-13T09:43:00.493+05:30  INFO 14544 --- [resource-infra-service] [restartedMain] com.netflix.discovery.DiscoveryClient    : Starting heartbeat executor: renew interval is: 30
2026-05-13T09:43:00.493+05:30  INFO 14544 --- [resource-infra-service] [restartedMain] c.n.discovery.InstanceInfoReplicator     : InstanceInfoReplicator onDemand update allowed rate per min is 4
2026-05-13T09:43:00.494+05:30  INFO 14544 --- [resource-infra-service] [restartedMain] com.netflix.discovery.DiscoveryClient    : Discovery Client initialized at timestamp 1778645580494 with initial instances count: 9
2026-05-13T09:43:00.511+05:30  INFO 14544 --- [resource-infra-service] [restartedMain] o.s.c.n.e.s.EurekaServiceRegistry        : Registering application RESOURCE-INFRA-SERVICE with eureka with status UP
2026-05-13T09:43:00.511+05:30  INFO 14544 --- [resource-infra-service] [restartedMain] com.netflix.discovery.DiscoveryClient    : Saw local status change event StatusChangeEvent [timestamp=1778645580511, current=UP, previous=STARTING]
2026-05-13T09:43:00.511+05:30  INFO 14544 --- [resource-infra-service] [DiscoveryClient-InstanceInfoReplicator-%d] com.netflix.discovery.DiscoveryClient    : DiscoveryClient_RESOURCE-INFRA-SERVICE/LTIN703242.cts.com:resource-infra-service:8082: registering service...
2026-05-13T09:43:00.517+05:30  INFO 14544 --- [resource-infra-service] [restartedMain] o.s.boot.tomcat.TomcatWebServer          : Tomcat started on port 8082 (http) with context path '/'
2026-05-13T09:43:00.517+05:30  INFO 14544 --- [resource-infra-service] [restartedMain] .s.c.n.e.s.EurekaAutoServiceRegistration : Updating port to 8082
2026-05-13T09:43:00.523+05:30  INFO 14544 --- [resource-infra-service] [DiscoveryClient-InstanceInfoReplicator-%d] com.netflix.discovery.DiscoveryClient    : DiscoveryClient_RESOURCE-INFRA-SERVICE/LTIN703242.cts.com:resource-infra-service:8082 - registration status: 204
2026-05-13T09:43:00.533+05:30  INFO 14544 --- [resource-infra-service] [restartedMain] c.e.d.ResourceInfraServiceApplication    : Started ResourceInfraServiceApplication in 3.386 seconds (process running for 4481.294)
2026-05-13T09:43:00.535+05:30  INFO 14544 --- [resource-infra-service] [restartedMain] .ConditionEvaluationDeltaLoggingListener : Condition evaluation unchanged
2026-05-13T09:44:06.233+05:30  INFO 14544 --- [resource-infra-service] [File Watcher] rtingClassPathChangeChangedEventListener : Restarting due to 1 class path change (0 additions, 0 deletions, 1 modification)
2026-05-13T09:44:06.234+05:30  INFO 14544 --- [resource-infra-service] [Thread-43] o.s.c.n.e.s.EurekaServiceRegistry        : Unregistering application RESOURCE-INFRA-SERVICE with eureka with status DOWN
2026-05-13T09:44:06.234+05:30  INFO 14544 --- [resource-infra-service] [Thread-43] com.netflix.discovery.DiscoveryClient    : Saw local status change event StatusChangeEvent [timestamp=1778645646234, current=DOWN, previous=UP]
2026-05-13T09:44:06.234+05:30  INFO 14544 --- [resource-infra-service] [DiscoveryClient-InstanceInfoReplicator-%d] com.netflix.discovery.DiscoveryClient    : DiscoveryClient_RESOURCE-INFRA-SERVICE/LTIN703242.cts.com:resource-infra-service:8082: registering service...
2026-05-13T09:44:06.235+05:30  INFO 14544 --- [resource-infra-service] [Thread-43] o.s.boot.tomcat.GracefulShutdown         : Commencing graceful shutdown. Waiting for active requests to complete
2026-05-13T09:44:06.240+05:30  INFO 14544 --- [resource-infra-service] [tomcat-shutdown] o.s.boot.tomcat.GracefulShutdown         : Graceful shutdown complete
2026-05-13T09:44:06.245+05:30  INFO 14544 --- [resource-infra-service] [Thread-43] j.LocalContainerEntityManagerFactoryBean : Closing JPA EntityManagerFactory for persistence unit 'default'
2026-05-13T09:44:06.246+05:30  INFO 14544 --- [resource-infra-service] [Thread-43] com.zaxxer.hikari.HikariDataSource       : HikariPool-8 - Shutdown initiated...
2026-05-13T09:44:06.248+05:30  INFO 14544 --- [resource-infra-service] [DiscoveryClient-InstanceInfoReplicator-%d] com.netflix.discovery.DiscoveryClient    : DiscoveryClient_RESOURCE-INFRA-SERVICE/LTIN703242.cts.com:resource-infra-service:8082 - registration status: 204
2026-05-13T09:44:06.249+05:30  INFO 14544 --- [resource-infra-service] [Thread-43] com.zaxxer.hikari.HikariDataSource       : HikariPool-8 - Shutdown completed.
2026-05-13T09:44:06.250+05:30  INFO 14544 --- [resource-infra-service] [Thread-43] com.netflix.discovery.DiscoveryClient    : Shutting down DiscoveryClient ...
2026-05-13T09:44:09.262+05:30  INFO 14544 --- [resource-infra-service] [Thread-43] com.netflix.discovery.DiscoveryClient    : Unregistering ...
2026-05-13T09:44:09.279+05:30  INFO 14544 --- [resource-infra-service] [Thread-43] com.netflix.discovery.DiscoveryClient    : DiscoveryClient_RESOURCE-INFRA-SERVICE/LTIN703242.cts.com:resource-infra-service:8082 - deregister  status: 200
2026-05-13T09:44:09.280+05:30  INFO 14544 --- [resource-infra-service] [Thread-43] com.netflix.discovery.DiscoveryClient    : Completed shut down of DiscoveryClient
2026-05-13T09:44:10.184+05:30  INFO 14544 --- [resource-infra-service] [restartedMain] c.e.d.ResourceInfraServiceApplication    : Starting ResourceInfraServiceApplication using Java 21.0.8 with PID 14544 (C:\Users\2481450\OneDrive - Cognizant\Desktop\green-gov-microservice\resource-infra-service\target\classes started by 2481450 in C:\Users\2481450\OneDrive - Cognizant\Desktop\green-gov-microservice\resource-infra-service)
2026-05-13T09:44:10.184+05:30  INFO 14544 --- [resource-infra-service] [restartedMain] c.e.d.ResourceInfraServiceApplication    : No active profile set, falling back to 1 default profile: "default"
2026-05-13T09:44:10.187+05:30  INFO 14544 --- [resource-infra-service] [restartedMain] o.s.c.c.c.ConfigServerConfigDataLoader   : Fetching config from server at : http://localhost:8711
2026-05-13T09:44:10.187+05:30  INFO 14544 --- [resource-infra-service] [restartedMain] o.s.c.c.c.ConfigServerConfigDataLoader   : Located environment: name=resource-infra-service, profiles=[default], label=null, version=cce02294c53cbe23bacad52895bb56ea0cfeeb6e, state=
2026-05-13T09:44:10.452+05:30  INFO 14544 --- [resource-infra-service] [restartedMain] .s.d.r.c.RepositoryConfigurationDelegate : Bootstrapping Spring Data JPA repositories in DEFAULT mode.
2026-05-13T09:44:10.463+05:30  INFO 14544 --- [resource-infra-service] [restartedMain] .s.d.r.c.RepositoryConfigurationDelegate : Finished Spring Data repository scanning in 9 ms. Found 2 JPA repository interfaces.
2026-05-13T09:44:10.575+05:30  INFO 14544 --- [resource-infra-service] [restartedMain] o.s.cloud.context.scope.GenericScope     : BeanFactory id=74d08662-4b7a-3878-81a1-ae2a05ebcfff
2026-05-13T09:44:10.752+05:30  INFO 14544 --- [resource-infra-service] [restartedMain] o.s.boot.tomcat.TomcatWebServer          : Tomcat initialized with port 8082 (http)
2026-05-13T09:44:10.752+05:30  INFO 14544 --- [resource-infra-service] [restartedMain] o.apache.catalina.core.StandardService   : Starting service [Tomcat]
2026-05-13T09:44:10.753+05:30  INFO 14544 --- [resource-infra-service] [restartedMain] o.apache.catalina.core.StandardEngine    : Starting Servlet engine: [Apache Tomcat/11.0.20]
2026-05-13T09:44:10.812+05:30  INFO 14544 --- [resource-infra-service] [restartedMain] b.w.c.s.WebApplicationContextInitializer : Root WebApplicationContext: initialization completed in 625 ms
2026-05-13T09:44:11.085+05:30  INFO 14544 --- [resource-infra-service] [restartedMain] org.hibernate.orm.jpa                    : HHH008540: Processing PersistenceUnitInfo [name: default]
2026-05-13T09:44:11.115+05:30  INFO 14544 --- [resource-infra-service] [restartedMain] o.s.o.j.p.SpringPersistenceUnitInfo      : No LoadTimeWeaver setup: ignoring JPA class transformer
2026-05-13T09:44:11.116+05:30  INFO 14544 --- [resource-infra-service] [restartedMain] com.zaxxer.hikari.HikariDataSource       : HikariPool-9 - Starting...
2026-05-13T09:44:11.133+05:30  INFO 14544 --- [resource-infra-service] [restartedMain] com.zaxxer.hikari.pool.HikariPool        : HikariPool-9 - Added connection com.mysql.cj.jdbc.ConnectionImpl@7e4e08be
2026-05-13T09:44:11.133+05:30  INFO 14544 --- [resource-infra-service] [restartedMain] com.zaxxer.hikari.HikariDataSource       : HikariPool-9 - Start completed.
2026-05-13T09:44:11.134+05:30  WARN 14544 --- [resource-infra-service] [restartedMain] org.hibernate.orm.deprecation            : HHH90000025: MySQLDialect does not need to be specified explicitly using 'hibernate.dialect' (remove the property setting and it will be selected by default)
2026-05-13T09:44:11.135+05:30  INFO 14544 --- [resource-infra-service] [restartedMain] org.hibernate.orm.connections.pooling    : HHH10001005: Database info:
	Database JDBC URL [jdbc:mysql://localhost:3306/GreenGov_Microservice?createDatabaseIfNotExist=true]
	Database driver: MySQL Connector/J
	Database dialect: MySQLDialect
	Database version: 8.0.44
	Default catalog/schema: GreenGov_Microservice/undefined
	Autocommit mode: undefined/unknown
	Isolation level: REPEATABLE_READ [default REPEATABLE_READ]
	JDBC fetch size: none
	Pool: DataSourceConnectionProvider
	Minimum pool size: undefined/unknown
	Maximum pool size: undefined/unknown
2026-05-13T09:44:11.176+05:30  INFO 14544 --- [resource-infra-service] [restartedMain] org.hibernate.orm.core                   : HHH000489: No JTA platform available (set 'hibernate.transaction.jta.platform' to enable JTA platform integration)
2026-05-13T09:44:11.196+05:30  INFO 14544 --- [resource-infra-service] [restartedMain] j.LocalContainerEntityManagerFactoryBean : Initialized JPA EntityManagerFactory for persistence unit 'default'
2026-05-13T09:44:11.381+05:30  WARN 14544 --- [resource-infra-service] [restartedMain] JpaBaseConfiguration$JpaWebConfiguration : spring.jpa.open-in-view is enabled by default. Therefore, database queries may be performed during view rendering. Explicitly configure spring.jpa.open-in-view to disable this warning
2026-05-13T09:44:11.481+05:30  INFO 14544 --- [resource-infra-service] [restartedMain] o.s.c.openfeign.FeignClientFactoryBean   : For 'SUSTAINABILITYPROJECTSERVICE' URL not provided. Will try picking an instance via load-balancing.
2026-05-13T09:44:11.582+05:30  INFO 14544 --- [resource-infra-service] [restartedMain] o.s.c.openfeign.FeignClientFactoryBean   : For 'NOTIFICATIONS-SERVICE' URL not provided. Will try picking an instance via load-balancing.
2026-05-13T09:44:12.852+05:30  INFO 14544 --- [resource-infra-service] [restartedMain] DiscoveryClientOptionalArgsConfiguration : Eureka HTTP Client uses RestClient.
2026-05-13T09:44:13.013+05:30  WARN 14544 --- [resource-infra-service] [restartedMain] iguration$LoadBalancerCaffeineWarnLogger : Spring Cloud LoadBalancer is currently working with the default cache. While this cache implementation is useful for development and tests, it's recommended to use Caffeine cache in production.You can switch to using Caffeine cache, by adding it and org.springframework.cache.caffeine.CaffeineCacheManager to the classpath.
2026-05-13T09:44:13.056+05:30  INFO 14544 --- [resource-infra-service] [restartedMain] o.s.b.a.e.web.EndpointLinksResolver      : Exposing 1 endpoint beneath base path '/actuator'
2026-05-13T09:44:13.114+05:30  INFO 14544 --- [resource-infra-service] [restartedMain] o.s.c.n.eureka.InstanceInfoFactory       : Setting initial instance status as: STARTING
2026-05-13T09:44:13.119+05:30  INFO 14544 --- [resource-infra-service] [restartedMain] com.netflix.discovery.DiscoveryClient    : Initializing Eureka in region us-east-1
2026-05-13T09:44:13.119+05:30  INFO 14544 --- [resource-infra-service] [restartedMain] c.n.d.s.r.aws.ConfigClusterResolver      : Resolving eureka endpoints via configuration
2026-05-13T09:44:13.120+05:30  INFO 14544 --- [resource-infra-service] [restartedMain] com.netflix.discovery.DiscoveryClient    : Disable delta property : false
2026-05-13T09:44:13.120+05:30  INFO 14544 --- [resource-infra-service] [restartedMain] com.netflix.discovery.DiscoveryClient    : Single vip registry refresh property : null
2026-05-13T09:44:13.120+05:30  INFO 14544 --- [resource-infra-service] [restartedMain] com.netflix.discovery.DiscoveryClient    : Force full registry fetch : false
2026-05-13T09:44:13.120+05:30  INFO 14544 --- [resource-infra-service] [restartedMain] com.netflix.discovery.DiscoveryClient    : Application is null : false
2026-05-13T09:44:13.120+05:30  INFO 14544 --- [resource-infra-service] [restartedMain] com.netflix.discovery.DiscoveryClient    : Registered Applications size is zero : true
2026-05-13T09:44:13.120+05:30  INFO 14544 --- [resource-infra-service] [restartedMain] com.netflix.discovery.DiscoveryClient    : Application version is -1: true
2026-05-13T09:44:13.120+05:30  INFO 14544 --- [resource-infra-service] [restartedMain] com.netflix.discovery.DiscoveryClient    : Getting all instance registry info from the eureka server
2026-05-13T09:44:13.141+05:30  INFO 14544 --- [resource-infra-service] [restartedMain] com.netflix.discovery.DiscoveryClient    : The response status is 200
2026-05-13T09:44:13.144+05:30  INFO 14544 --- [resource-infra-service] [restartedMain] com.netflix.discovery.DiscoveryClient    : Starting heartbeat executor: renew interval is: 30
2026-05-13T09:44:13.145+05:30  INFO 14544 --- [resource-infra-service] [restartedMain] c.n.discovery.InstanceInfoReplicator     : InstanceInfoReplicator onDemand update allowed rate per min is 4
2026-05-13T09:44:13.145+05:30  INFO 14544 --- [resource-infra-service] [restartedMain] com.netflix.discovery.DiscoveryClient    : Discovery Client initialized at timestamp 1778645653145 with initial instances count: 10
2026-05-13T09:44:13.154+05:30  INFO 14544 --- [resource-infra-service] [restartedMain] o.s.c.n.e.s.EurekaServiceRegistry        : Registering application RESOURCE-INFRA-SERVICE with eureka with status UP
2026-05-13T09:44:13.154+05:30  INFO 14544 --- [resource-infra-service] [restartedMain] com.netflix.discovery.DiscoveryClient    : Saw local status change event StatusChangeEvent [timestamp=1778645653154, current=UP, previous=STARTING]
2026-05-13T09:44:13.155+05:30  INFO 14544 --- [resource-infra-service] [DiscoveryClient-InstanceInfoReplicator-%d] com.netflix.discovery.DiscoveryClient    : DiscoveryClient_RESOURCE-INFRA-SERVICE/LTIN703242.cts.com:resource-infra-service:8082: registering service...
2026-05-13T09:44:13.160+05:30  INFO 14544 --- [resource-infra-service] [restartedMain] o.s.boot.tomcat.TomcatWebServer          : Tomcat started on port 8082 (http) with context path '/'
2026-05-13T09:44:13.160+05:30  INFO 14544 --- [resource-infra-service] [restartedMain] .s.c.n.e.s.EurekaAutoServiceRegistration : Updating port to 8082
2026-05-13T09:44:13.167+05:30  INFO 14544 --- [resource-infra-service] [DiscoveryClient-InstanceInfoReplicator-%d] com.netflix.discovery.DiscoveryClient    : DiscoveryClient_RESOURCE-INFRA-SERVICE/LTIN703242.cts.com:resource-infra-service:8082 - registration status: 204
2026-05-13T09:44:13.173+05:30  INFO 14544 --- [resource-infra-service] [restartedMain] c.e.d.ResourceInfraServiceApplication    : Started ResourceInfraServiceApplication in 3.837 seconds (process running for 4553.934)
2026-05-13T09:44:13.177+05:30  INFO 14544 --- [resource-infra-service] [restartedMain] .ConditionEvaluationDeltaLoggingListener : Condition evaluation unchanged
2026-05-13T09:44:13.804+05:30  INFO 14544 --- [resource-infra-service] [File Watcher] rtingClassPathChangeChangedEventListener : Restarting due to 1 class path change (0 additions, 0 deletions, 1 modification)
2026-05-13T09:44:13.805+05:30  INFO 14544 --- [resource-infra-service] [Thread-49] o.s.c.n.e.s.EurekaServiceRegistry        : Unregistering application RESOURCE-INFRA-SERVICE with eureka with status DOWN
2026-05-13T09:44:13.805+05:30  INFO 14544 --- [resource-infra-service] [Thread-49] com.netflix.discovery.DiscoveryClient    : Saw local status change event StatusChangeEvent [timestamp=1778645653805, current=DOWN, previous=UP]
2026-05-13T09:44:13.805+05:30  INFO 14544 --- [resource-infra-service] [DiscoveryClient-InstanceInfoReplicator-%d] com.netflix.discovery.DiscoveryClient    : DiscoveryClient_RESOURCE-INFRA-SERVICE/LTIN703242.cts.com:resource-infra-service:8082: registering service...
2026-05-13T09:44:13.807+05:30  INFO 14544 --- [resource-infra-service] [Thread-49] o.s.boot.tomcat.GracefulShutdown         : Commencing graceful shutdown. Waiting for active requests to complete
2026-05-13T09:44:13.808+05:30  INFO 14544 --- [resource-infra-service] [DiscoveryClient-InstanceInfoReplicator-%d] com.netflix.discovery.DiscoveryClient    : DiscoveryClient_RESOURCE-INFRA-SERVICE/LTIN703242.cts.com:resource-infra-service:8082 - registration status: 204
2026-05-13T09:44:13.812+05:30  INFO 14544 --- [resource-infra-service] [tomcat-shutdown] o.s.boot.tomcat.GracefulShutdown         : Graceful shutdown complete
2026-05-13T09:44:13.814+05:30  INFO 14544 --- [resource-infra-service] [Thread-49] j.LocalContainerEntityManagerFactoryBean : Closing JPA EntityManagerFactory for persistence unit 'default'
2026-05-13T09:44:13.815+05:30  INFO 14544 --- [resource-infra-service] [Thread-49] com.zaxxer.hikari.HikariDataSource       : HikariPool-9 - Shutdown initiated...
2026-05-13T09:44:13.818+05:30  INFO 14544 --- [resource-infra-service] [Thread-49] com.zaxxer.hikari.HikariDataSource       : HikariPool-9 - Shutdown completed.
2026-05-13T09:44:13.818+05:30  INFO 14544 --- [resource-infra-service] [Thread-49] com.netflix.discovery.DiscoveryClient    : Shutting down DiscoveryClient ...
2026-05-13T09:44:16.824+05:30  INFO 14544 --- [resource-infra-service] [Thread-49] com.netflix.discovery.DiscoveryClient    : Unregistering ...
2026-05-13T09:44:16.840+05:30  INFO 14544 --- [resource-infra-service] [Thread-49] com.netflix.discovery.DiscoveryClient    : DiscoveryClient_RESOURCE-INFRA-SERVICE/LTIN703242.cts.com:resource-infra-service:8082 - deregister  status: 200
2026-05-13T09:44:16.840+05:30  INFO 14544 --- [resource-infra-service] [Thread-49] com.netflix.discovery.DiscoveryClient    : Completed shut down of DiscoveryClient
2026-05-13T09:44:17.685+05:30  INFO 14544 --- [resource-infra-service] [restartedMain] c.e.d.ResourceInfraServiceApplication    : Starting ResourceInfraServiceApplication using Java 21.0.8 with PID 14544 (C:\Users\2481450\OneDrive - Cognizant\Desktop\green-gov-microservice\resource-infra-service\target\classes started by 2481450 in C:\Users\2481450\OneDrive - Cognizant\Desktop\green-gov-microservice\resource-infra-service)
2026-05-13T09:44:17.685+05:30  INFO 14544 --- [resource-infra-service] [restartedMain] c.e.d.ResourceInfraServiceApplication    : No active profile set, falling back to 1 default profile: "default"
2026-05-13T09:44:17.686+05:30  INFO 14544 --- [resource-infra-service] [restartedMain] o.s.c.c.c.ConfigServerConfigDataLoader   : Fetching config from server at : http://localhost:8711
2026-05-13T09:44:17.686+05:30  INFO 14544 --- [resource-infra-service] [restartedMain] o.s.c.c.c.ConfigServerConfigDataLoader   : Located environment: name=resource-infra-service, profiles=[default], label=null, version=cce02294c53cbe23bacad52895bb56ea0cfeeb6e, state=
2026-05-13T09:44:17.966+05:30  INFO 14544 --- [resource-infra-service] [restartedMain] .s.d.r.c.RepositoryConfigurationDelegate : Bootstrapping Spring Data JPA repositories in DEFAULT mode.
2026-05-13T09:44:17.978+05:30  INFO 14544 --- [resource-infra-service] [restartedMain] .s.d.r.c.RepositoryConfigurationDelegate : Finished Spring Data repository scanning in 10 ms. Found 2 JPA repository interfaces.
2026-05-13T09:44:18.085+05:30  INFO 14544 --- [resource-infra-service] [restartedMain] o.s.cloud.context.scope.GenericScope     : BeanFactory id=74d08662-4b7a-3878-81a1-ae2a05ebcfff
2026-05-13T09:44:18.256+05:30  INFO 14544 --- [resource-infra-service] [restartedMain] o.s.boot.tomcat.TomcatWebServer          : Tomcat initialized with port 8082 (http)
2026-05-13T09:44:18.256+05:30  INFO 14544 --- [resource-infra-service] [restartedMain] o.apache.catalina.core.StandardService   : Starting service [Tomcat]
2026-05-13T09:44:18.257+05:30  INFO 14544 --- [resource-infra-service] [restartedMain] o.apache.catalina.core.StandardEngine    : Starting Servlet engine: [Apache Tomcat/11.0.20]
2026-05-13T09:44:18.313+05:30  INFO 14544 --- [resource-infra-service] [restartedMain] b.w.c.s.WebApplicationContextInitializer : Root WebApplicationContext: initialization completed in 626 ms
2026-05-13T09:44:18.551+05:30  INFO 14544 --- [resource-infra-service] [restartedMain] org.hibernate.orm.jpa                    : HHH008540: Processing PersistenceUnitInfo [name: default]
2026-05-13T09:44:18.580+05:30  INFO 14544 --- [resource-infra-service] [restartedMain] o.s.o.j.p.SpringPersistenceUnitInfo      : No LoadTimeWeaver setup: ignoring JPA class transformer
2026-05-13T09:44:18.582+05:30  INFO 14544 --- [resource-infra-service] [restartedMain] com.zaxxer.hikari.HikariDataSource       : HikariPool-10 - Starting...
2026-05-13T09:44:18.593+05:30  INFO 14544 --- [resource-infra-service] [restartedMain] com.zaxxer.hikari.pool.HikariPool        : HikariPool-10 - Added connection com.mysql.cj.jdbc.ConnectionImpl@4e655319
2026-05-13T09:44:18.594+05:30  INFO 14544 --- [resource-infra-service] [restartedMain] com.zaxxer.hikari.HikariDataSource       : HikariPool-10 - Start completed.
2026-05-13T09:44:18.595+05:30  WARN 14544 --- [resource-infra-service] [restartedMain] org.hibernate.orm.deprecation            : HHH90000025: MySQLDialect does not need to be specified explicitly using 'hibernate.dialect' (remove the property setting and it will be selected by default)
2026-05-13T09:44:18.595+05:30  INFO 14544 --- [resource-infra-service] [restartedMain] org.hibernate.orm.connections.pooling    : HHH10001005: Database info:
	Database JDBC URL [jdbc:mysql://localhost:3306/GreenGov_Microservice?createDatabaseIfNotExist=true]
	Database driver: MySQL Connector/J
	Database dialect: MySQLDialect
	Database version: 8.0.44
	Default catalog/schema: GreenGov_Microservice/undefined
	Autocommit mode: undefined/unknown
	Isolation level: REPEATABLE_READ [default REPEATABLE_READ]
	JDBC fetch size: none
	Pool: DataSourceConnectionProvider
	Minimum pool size: undefined/unknown
	Maximum pool size: undefined/unknown
2026-05-13T09:44:18.634+05:30  INFO 14544 --- [resource-infra-service] [restartedMain] org.hibernate.orm.core                   : HHH000489: No JTA platform available (set 'hibernate.transaction.jta.platform' to enable JTA platform integration)
2026-05-13T09:44:18.656+05:30  INFO 14544 --- [resource-infra-service] [restartedMain] j.LocalContainerEntityManagerFactoryBean : Initialized JPA EntityManagerFactory for persistence unit 'default'
2026-05-13T09:44:18.862+05:30  WARN 14544 --- [resource-infra-service] [restartedMain] JpaBaseConfiguration$JpaWebConfiguration : spring.jpa.open-in-view is enabled by default. Therefore, database queries may be performed during view rendering. Explicitly configure spring.jpa.open-in-view to disable this warning
2026-05-13T09:44:18.983+05:30  INFO 14544 --- [resource-infra-service] [restartedMain] o.s.c.openfeign.FeignClientFactoryBean   : For 'SUSTAINABILITYPROJECTSERVICE' URL not provided. Will try picking an instance via load-balancing.
2026-05-13T09:44:19.089+05:30  INFO 14544 --- [resource-infra-service] [restartedMain] o.s.c.openfeign.FeignClientFactoryBean   : For 'NOTIFICATIONS-SERVICE' URL not provided. Will try picking an instance via load-balancing.
2026-05-13T09:44:20.070+05:30  INFO 14544 --- [resource-infra-service] [restartedMain] DiscoveryClientOptionalArgsConfiguration : Eureka HTTP Client uses RestClient.
2026-05-13T09:44:20.132+05:30  WARN 14544 --- [resource-infra-service] [restartedMain] iguration$LoadBalancerCaffeineWarnLogger : Spring Cloud LoadBalancer is currently working with the default cache. While this cache implementation is useful for development and tests, it's recommended to use Caffeine cache in production.You can switch to using Caffeine cache, by adding it and org.springframework.cache.caffeine.CaffeineCacheManager to the classpath.
2026-05-13T09:44:20.151+05:30  INFO 14544 --- [resource-infra-service] [restartedMain] o.s.b.a.e.web.EndpointLinksResolver      : Exposing 1 endpoint beneath base path '/actuator'
2026-05-13T09:44:20.189+05:30  INFO 14544 --- [resource-infra-service] [restartedMain] o.s.c.n.eureka.InstanceInfoFactory       : Setting initial instance status as: STARTING
2026-05-13T09:44:20.193+05:30  INFO 14544 --- [resource-infra-service] [restartedMain] com.netflix.discovery.DiscoveryClient    : Initializing Eureka in region us-east-1
2026-05-13T09:44:20.193+05:30  INFO 14544 --- [resource-infra-service] [restartedMain] c.n.d.s.r.aws.ConfigClusterResolver      : Resolving eureka endpoints via configuration
2026-05-13T09:44:20.193+05:30  INFO 14544 --- [resource-infra-service] [restartedMain] com.netflix.discovery.DiscoveryClient    : Disable delta property : false
2026-05-13T09:44:20.193+05:30  INFO 14544 --- [resource-infra-service] [restartedMain] com.netflix.discovery.DiscoveryClient    : Single vip registry refresh property : null
2026-05-13T09:44:20.193+05:30  INFO 14544 --- [resource-infra-service] [restartedMain] com.netflix.discovery.DiscoveryClient    : Force full registry fetch : false
2026-05-13T09:44:20.193+05:30  INFO 14544 --- [resource-infra-service] [restartedMain] com.netflix.discovery.DiscoveryClient    : Application is null : false
2026-05-13T09:44:20.193+05:30  INFO 14544 --- [resource-infra-service] [restartedMain] com.netflix.discovery.DiscoveryClient    : Registered Applications size is zero : true
2026-05-13T09:44:20.193+05:30  INFO 14544 --- [resource-infra-service] [restartedMain] com.netflix.discovery.DiscoveryClient    : Application version is -1: true
2026-05-13T09:44:20.193+05:30  INFO 14544 --- [resource-infra-service] [restartedMain] com.netflix.discovery.DiscoveryClient    : Getting all instance registry info from the eureka server
2026-05-13T09:44:20.210+05:30  INFO 14544 --- [resource-infra-service] [restartedMain] com.netflix.discovery.DiscoveryClient    : The response status is 200
2026-05-13T09:44:20.210+05:30  INFO 14544 --- [resource-infra-service] [restartedMain] com.netflix.discovery.DiscoveryClient    : Starting heartbeat executor: renew interval is: 30
2026-05-13T09:44:20.211+05:30  INFO 14544 --- [resource-infra-service] [restartedMain] c.n.discovery.InstanceInfoReplicator     : InstanceInfoReplicator onDemand update allowed rate per min is 4
2026-05-13T09:44:20.211+05:30  INFO 14544 --- [resource-infra-service] [restartedMain] com.netflix.discovery.DiscoveryClient    : Discovery Client initialized at timestamp 1778645660211 with initial instances count: 9
2026-05-13T09:44:20.220+05:30  INFO 14544 --- [resource-infra-service] [restartedMain] o.s.c.n.e.s.EurekaServiceRegistry        : Registering application RESOURCE-INFRA-SERVICE with eureka with status UP
2026-05-13T09:44:20.220+05:30  INFO 14544 --- [resource-infra-service] [restartedMain] com.netflix.discovery.DiscoveryClient    : Saw local status change event StatusChangeEvent [timestamp=1778645660220, current=UP, previous=STARTING]
2026-05-13T09:44:20.220+05:30  INFO 14544 --- [resource-infra-service] [DiscoveryClient-InstanceInfoReplicator-%d] com.netflix.discovery.DiscoveryClient    : DiscoveryClient_RESOURCE-INFRA-SERVICE/LTIN703242.cts.com:resource-infra-service:8082: registering service...
2026-05-13T09:44:20.224+05:30  INFO 14544 --- [resource-infra-service] [restartedMain] o.s.boot.tomcat.TomcatWebServer          : Tomcat started on port 8082 (http) with context path '/'
2026-05-13T09:44:20.224+05:30  INFO 14544 --- [resource-infra-service] [restartedMain] .s.c.n.e.s.EurekaAutoServiceRegistration : Updating port to 8082
2026-05-13T09:44:20.235+05:30  INFO 14544 --- [resource-infra-service] [DiscoveryClient-InstanceInfoReplicator-%d] com.netflix.discovery.DiscoveryClient    : DiscoveryClient_RESOURCE-INFRA-SERVICE/LTIN703242.cts.com:resource-infra-service:8082 - registration status: 204
2026-05-13T09:44:20.239+05:30  INFO 14544 --- [resource-infra-service] [restartedMain] c.e.d.ResourceInfraServiceApplication    : Started ResourceInfraServiceApplication in 3.34 seconds (process running for 4561.0)
2026-05-13T09:44:20.240+05:30  INFO 14544 --- [resource-infra-service] [restartedMain] .ConditionEvaluationDeltaLoggingListener : Condition evaluation unchanged
2026-05-13T09:44:59.625+05:30  INFO 14544 --- [resource-infra-service] [http-nio-8082-exec-2] o.a.c.c.C.[Tomcat].[localhost].[/]       : Initializing Spring DispatcherServlet 'dispatcherServlet'
2026-05-13T09:44:59.625+05:30  INFO 14544 --- [resource-infra-service] [http-nio-8082-exec-2] o.s.web.servlet.DispatcherServlet        : Initializing Servlet 'dispatcherServlet'
2026-05-13T09:44:59.625+05:30  INFO 14544 --- [resource-infra-service] [http-nio-8082-exec-2] o.s.web.servlet.DispatcherServlet        : Completed initialization in 0 ms
2026-05-13T09:44:59.625+05:30  INFO 14544 --- [resource-infra-service] [http-nio-8082-exec-2] c.e.d.c.InfrastructureController         : Fetching all infrastructure records.
2026-05-13T09:45:27.976+05:30  INFO 14544 --- [resource-infra-service] [http-nio-8082-exec-1] c.e.d.c.InfrastructureController         : REST request to add infrastructure: WindFarm for Project ID: 1
2026-05-13T09:45:27.976+05:30  INFO 14544 --- [resource-infra-service] [http-nio-8082-exec-1] c.e.d.service.InfrastructureServiceImpl  : Adding new infrastructure for Project ID: 1
2026-05-13T09:45:28.124+05:30  WARN 14544 --- [resource-infra-service] [http-nio-8082-exec-1] .m.m.a.ExceptionHandlerExceptionResolver : Resolved [jakarta.servlet.ServletException: Handler dispatch failed: java.lang.NoClassDefFoundError: org/springframework/security/core/context/SecurityContextHolder]
2026-05-13T09:46:30.474+05:30  INFO 14544 --- [resource-infra-service] [http-nio-8082-exec-3] c.e.demo.controller.ResourceController   : Fetching global resource inventory.
2026-05-13T09:46:30.513+05:30  INFO 14544 --- [resource-infra-service] [http-nio-8082-exec-4] c.e.demo.controller.ResourceController   : Fetching global resource inventory.
2026-05-13T09:46:42.206+05:30  INFO 14544 --- [resource-infra-service] [http-nio-8082-exec-6] c.e.d.c.InfrastructureController         : Fetching all infrastructure records.
2026-05-13T09:47:00.343+05:30  INFO 14544 --- [resource-infra-service] [http-nio-8082-exec-5] c.e.d.c.InfrastructureController         : REST request to add infrastructure: SolarPlant for Project ID: 1
2026-05-13T09:47:00.345+05:30  INFO 14544 --- [resource-infra-service] [http-nio-8082-exec-5] c.e.d.service.InfrastructureServiceImpl  : Adding new infrastructure for Project ID: 1
2026-05-13T09:47:00.375+05:30  WARN 14544 --- [resource-infra-service] [http-nio-8082-exec-5] .m.m.a.ExceptionHandlerExceptionResolver : Resolved [jakarta.servlet.ServletException: Handler dispatch failed: java.lang.NoClassDefFoundError: org/springframework/security/core/context/SecurityContextHolder]
2026-05-13T09:47:52.157+05:30  INFO 14544 --- [resource-infra-service] [http-nio-8082-exec-7] c.e.d.c.InfrastructureController         : REST request to add infrastructure: Solar Plant for Project ID: 1
2026-05-13T09:47:52.158+05:30  INFO 14544 --- [resource-infra-service] [http-nio-8082-exec-7] c.e.d.service.InfrastructureServiceImpl  : Adding new infrastructure for Project ID: 1
2026-05-13T09:47:52.164+05:30  WARN 14544 --- [resource-infra-service] [http-nio-8082-exec-7] .m.m.a.ExceptionHandlerExceptionResolver : Resolved [jakarta.validation.ValidationException: Invalid Type. Allowed: [SolarPlant, WindFarm, RecyclingUnit]]
2026-05-13T09:48:02.585+05:30  INFO 14544 --- [resource-infra-service] [http-nio-8082-exec-9] c.e.d.c.InfrastructureController         : REST request to add infrastructure: SolarPlant for Project ID: 1
2026-05-13T09:48:02.586+05:30  INFO 14544 --- [resource-infra-service] [http-nio-8082-exec-9] c.e.d.service.InfrastructureServiceImpl  : Adding new infrastructure for Project ID: 1
2026-05-13T09:48:02.608+05:30  WARN 14544 --- [resource-infra-service] [http-nio-8082-exec-9] .m.m.a.ExceptionHandlerExceptionResolver : Resolved [jakarta.servlet.ServletException: Handler dispatch failed: java.lang.NoClassDefFoundError: org/springframework/security/core/context/SecurityContextHolder]
2026-05-13T09:49:08.315+05:30  INFO 14544 --- [resource-infra-service] [File Watcher] rtingClassPathChangeChangedEventListener : Restarting due to 3 class path changes (0 additions, 0 deletions, 3 modifications)
2026-05-13T09:49:08.316+05:30  INFO 14544 --- [resource-infra-service] [Thread-55] o.s.c.n.e.s.EurekaServiceRegistry        : Unregistering application RESOURCE-INFRA-SERVICE with eureka with status DOWN
2026-05-13T09:49:08.316+05:30  INFO 14544 --- [resource-infra-service] [Thread-55] com.netflix.discovery.DiscoveryClient    : Saw local status change event StatusChangeEvent [timestamp=1778645948316, current=DOWN, previous=UP]
2026-05-13T09:49:08.316+05:30  INFO 14544 --- [resource-infra-service] [DiscoveryClient-InstanceInfoReplicator-%d] com.netflix.discovery.DiscoveryClient    : DiscoveryClient_RESOURCE-INFRA-SERVICE/LTIN703242.cts.com:resource-infra-service:8082: registering service...
2026-05-13T09:49:08.317+05:30  INFO 14544 --- [resource-infra-service] [Thread-55] o.s.boot.tomcat.GracefulShutdown         : Commencing graceful shutdown. Waiting for active requests to complete
2026-05-13T09:49:08.320+05:30  INFO 14544 --- [resource-infra-service] [DiscoveryClient-InstanceInfoReplicator-%d] com.netflix.discovery.DiscoveryClient    : DiscoveryClient_RESOURCE-INFRA-SERVICE/LTIN703242.cts.com:resource-infra-service:8082 - registration status: 204
2026-05-13T09:49:08.323+05:30  INFO 14544 --- [resource-infra-service] [tomcat-shutdown] o.s.boot.tomcat.GracefulShutdown         : Graceful shutdown complete
2026-05-13T09:49:08.327+05:30  INFO 14544 --- [resource-infra-service] [Thread-55] j.LocalContainerEntityManagerFactoryBean : Closing JPA EntityManagerFactory for persistence unit 'default'
2026-05-13T09:49:08.328+05:30  INFO 14544 --- [resource-infra-service] [Thread-55] com.zaxxer.hikari.HikariDataSource       : HikariPool-10 - Shutdown initiated...
2026-05-13T09:49:08.330+05:30  INFO 14544 --- [resource-infra-service] [Thread-55] com.zaxxer.hikari.HikariDataSource       : HikariPool-10 - Shutdown completed.
2026-05-13T09:49:08.331+05:30  INFO 14544 --- [resource-infra-service] [Thread-55] com.netflix.discovery.DiscoveryClient    : Shutting down DiscoveryClient ...
2026-05-13T09:49:11.332+05:30  INFO 14544 --- [resource-infra-service] [Thread-55] com.netflix.discovery.DiscoveryClient    : Unregistering ...
2026-05-13T09:49:11.337+05:30  INFO 14544 --- [resource-infra-service] [Thread-55] com.netflix.discovery.DiscoveryClient    : DiscoveryClient_RESOURCE-INFRA-SERVICE/LTIN703242.cts.com:resource-infra-service:8082 - deregister  status: 200
2026-05-13T09:49:11.337+05:30  INFO 14544 --- [resource-infra-service] [Thread-55] com.netflix.discovery.DiscoveryClient    : Completed shut down of DiscoveryClient
2026-05-13T09:49:12.376+05:30  INFO 14544 --- [resource-infra-service] [restartedMain] c.e.d.ResourceInfraServiceApplication    : Starting ResourceInfraServiceApplication using Java 21.0.8 with PID 14544 (C:\Users\2481450\OneDrive - Cognizant\Desktop\green-gov-microservice\resource-infra-service\target\classes started by 2481450 in C:\Users\2481450\OneDrive - Cognizant\Desktop\green-gov-microservice\resource-infra-service)
2026-05-13T09:49:12.377+05:30  INFO 14544 --- [resource-infra-service] [restartedMain] c.e.d.ResourceInfraServiceApplication    : No active profile set, falling back to 1 default profile: "default"
2026-05-13T09:49:12.380+05:30  INFO 14544 --- [resource-infra-service] [restartedMain] o.s.c.c.c.ConfigServerConfigDataLoader   : Fetching config from server at : http://localhost:8711
2026-05-13T09:49:12.380+05:30  INFO 14544 --- [resource-infra-service] [restartedMain] o.s.c.c.c.ConfigServerConfigDataLoader   : Located environment: name=resource-infra-service, profiles=[default], label=null, version=cce02294c53cbe23bacad52895bb56ea0cfeeb6e, state=
2026-05-13T09:49:12.742+05:30  INFO 14544 --- [resource-infra-service] [restartedMain] .s.d.r.c.RepositoryConfigurationDelegate : Bootstrapping Spring Data JPA repositories in DEFAULT mode.
2026-05-13T09:49:12.753+05:30  INFO 14544 --- [resource-infra-service] [restartedMain] .s.d.r.c.RepositoryConfigurationDelegate : Finished Spring Data repository scanning in 9 ms. Found 2 JPA repository interfaces.
2026-05-13T09:49:12.856+05:30  INFO 14544 --- [resource-infra-service] [restartedMain] o.s.cloud.context.scope.GenericScope     : BeanFactory id=74d08662-4b7a-3878-81a1-ae2a05ebcfff
2026-05-13T09:49:13.077+05:30  INFO 14544 --- [resource-infra-service] [restartedMain] o.s.boot.tomcat.TomcatWebServer          : Tomcat initialized with port 8082 (http)
2026-05-13T09:49:13.079+05:30  INFO 14544 --- [resource-infra-service] [restartedMain] o.apache.catalina.core.StandardService   : Starting service [Tomcat]
2026-05-13T09:49:13.079+05:30  INFO 14544 --- [resource-infra-service] [restartedMain] o.apache.catalina.core.StandardEngine    : Starting Servlet engine: [Apache Tomcat/11.0.20]
2026-05-13T09:49:13.124+05:30  INFO 14544 --- [resource-infra-service] [restartedMain] b.w.c.s.WebApplicationContextInitializer : Root WebApplicationContext: initialization completed in 744 ms
2026-05-13T09:49:13.427+05:30  INFO 14544 --- [resource-infra-service] [restartedMain] org.hibernate.orm.jpa                    : HHH008540: Processing PersistenceUnitInfo [name: default]
2026-05-13T09:49:13.466+05:30  INFO 14544 --- [resource-infra-service] [restartedMain] o.s.o.j.p.SpringPersistenceUnitInfo      : No LoadTimeWeaver setup: ignoring JPA class transformer
2026-05-13T09:49:13.467+05:30  INFO 14544 --- [resource-infra-service] [restartedMain] com.zaxxer.hikari.HikariDataSource       : HikariPool-11 - Starting...
2026-05-13T09:49:13.481+05:30  INFO 14544 --- [resource-infra-service] [restartedMain] com.zaxxer.hikari.pool.HikariPool        : HikariPool-11 - Added connection com.mysql.cj.jdbc.ConnectionImpl@54cc759
2026-05-13T09:49:13.481+05:30  INFO 14544 --- [resource-infra-service] [restartedMain] com.zaxxer.hikari.HikariDataSource       : HikariPool-11 - Start completed.
2026-05-13T09:49:13.483+05:30  WARN 14544 --- [resource-infra-service] [restartedMain] org.hibernate.orm.deprecation            : HHH90000025: MySQLDialect does not need to be specified explicitly using 'hibernate.dialect' (remove the property setting and it will be selected by default)
2026-05-13T09:49:13.483+05:30  INFO 14544 --- [resource-infra-service] [restartedMain] org.hibernate.orm.connections.pooling    : HHH10001005: Database info:
	Database JDBC URL [jdbc:mysql://localhost:3306/GreenGov_Microservice?createDatabaseIfNotExist=true]
	Database driver: MySQL Connector/J
	Database dialect: MySQLDialect
	Database version: 8.0.44
	Default catalog/schema: GreenGov_Microservice/undefined
	Autocommit mode: undefined/unknown
	Isolation level: REPEATABLE_READ [default REPEATABLE_READ]
	JDBC fetch size: none
	Pool: DataSourceConnectionProvider
	Minimum pool size: undefined/unknown
	Maximum pool size: undefined/unknown
2026-05-13T09:49:13.535+05:30  INFO 14544 --- [resource-infra-service] [restartedMain] org.hibernate.orm.core                   : HHH000489: No JTA platform available (set 'hibernate.transaction.jta.platform' to enable JTA platform integration)
2026-05-13T09:49:13.554+05:30  INFO 14544 --- [resource-infra-service] [restartedMain] j.LocalContainerEntityManagerFactoryBean : Initialized JPA EntityManagerFactory for persistence unit 'default'
2026-05-13T09:49:13.780+05:30  WARN 14544 --- [resource-infra-service] [restartedMain] JpaBaseConfiguration$JpaWebConfiguration : spring.jpa.open-in-view is enabled by default. Therefore, database queries may be performed during view rendering. Explicitly configure spring.jpa.open-in-view to disable this warning
2026-05-13T09:49:13.927+05:30  INFO 14544 --- [resource-infra-service] [restartedMain] o.s.c.openfeign.FeignClientFactoryBean   : For 'SUSTAINABILITYPROJECTSERVICE' URL not provided. Will try picking an instance via load-balancing.
2026-05-13T09:49:14.103+05:30  INFO 14544 --- [resource-infra-service] [restartedMain] o.s.c.openfeign.FeignClientFactoryBean   : For 'NOTIFICATIONS-SERVICE' URL not provided. Will try picking an instance via load-balancing.
2026-05-13T09:49:16.068+05:30  INFO 14544 --- [resource-infra-service] [restartedMain] DiscoveryClientOptionalArgsConfiguration : Eureka HTTP Client uses RestClient.
2026-05-13T09:49:16.142+05:30  WARN 14544 --- [resource-infra-service] [restartedMain] iguration$LoadBalancerCaffeineWarnLogger : Spring Cloud LoadBalancer is currently working with the default cache. While this cache implementation is useful for development and tests, it's recommended to use Caffeine cache in production.You can switch to using Caffeine cache, by adding it and org.springframework.cache.caffeine.CaffeineCacheManager to the classpath.
2026-05-13T09:49:16.170+05:30  INFO 14544 --- [resource-infra-service] [restartedMain] o.s.b.a.e.web.EndpointLinksResolver      : Exposing 1 endpoint beneath base path '/actuator'
2026-05-13T09:49:16.224+05:30  INFO 14544 --- [resource-infra-service] [restartedMain] o.s.c.n.eureka.InstanceInfoFactory       : Setting initial instance status as: STARTING
2026-05-13T09:49:16.229+05:30  INFO 14544 --- [resource-infra-service] [restartedMain] com.netflix.discovery.DiscoveryClient    : Initializing Eureka in region us-east-1
2026-05-13T09:49:16.229+05:30  INFO 14544 --- [resource-infra-service] [restartedMain] c.n.d.s.r.aws.ConfigClusterResolver      : Resolving eureka endpoints via configuration
2026-05-13T09:49:16.229+05:30  INFO 14544 --- [resource-infra-service] [restartedMain] com.netflix.discovery.DiscoveryClient    : Disable delta property : false
2026-05-13T09:49:16.229+05:30  INFO 14544 --- [resource-infra-service] [restartedMain] com.netflix.discovery.DiscoveryClient    : Single vip registry refresh property : null
2026-05-13T09:49:16.230+05:30  INFO 14544 --- [resource-infra-service] [restartedMain] com.netflix.discovery.DiscoveryClient    : Force full registry fetch : false
2026-05-13T09:49:16.230+05:30  INFO 14544 --- [resource-infra-service] [restartedMain] com.netflix.discovery.DiscoveryClient    : Application is null : false
2026-05-13T09:49:16.230+05:30  INFO 14544 --- [resource-infra-service] [restartedMain] com.netflix.discovery.DiscoveryClient    : Registered Applications size is zero : true
2026-05-13T09:49:16.230+05:30  INFO 14544 --- [resource-infra-service] [restartedMain] com.netflix.discovery.DiscoveryClient    : Application version is -1: true
2026-05-13T09:49:16.230+05:30  INFO 14544 --- [resource-infra-service] [restartedMain] com.netflix.discovery.DiscoveryClient    : Getting all instance registry info from the eureka server
2026-05-13T09:49:16.258+05:30  INFO 14544 --- [resource-infra-service] [restartedMain] com.netflix.discovery.DiscoveryClient    : The response status is 200
2026-05-13T09:49:16.259+05:30  INFO 14544 --- [resource-infra-service] [restartedMain] com.netflix.discovery.DiscoveryClient    : Starting heartbeat executor: renew interval is: 30
2026-05-13T09:49:16.259+05:30  INFO 14544 --- [resource-infra-service] [restartedMain] c.n.discovery.InstanceInfoReplicator     : InstanceInfoReplicator onDemand update allowed rate per min is 4
2026-05-13T09:49:16.259+05:30  INFO 14544 --- [resource-infra-service] [restartedMain] com.netflix.discovery.DiscoveryClient    : Discovery Client initialized at timestamp 1778645956259 with initial instances count: 10
2026-05-13T09:49:16.271+05:30  INFO 14544 --- [resource-infra-service] [restartedMain] o.s.c.n.e.s.EurekaServiceRegistry        : Registering application RESOURCE-INFRA-SERVICE with eureka with status UP
2026-05-13T09:49:16.271+05:30  INFO 14544 --- [resource-infra-service] [restartedMain] com.netflix.discovery.DiscoveryClient    : Saw local status change event StatusChangeEvent [timestamp=1778645956271, current=UP, previous=STARTING]
2026-05-13T09:49:16.271+05:30  INFO 14544 --- [resource-infra-service] [DiscoveryClient-InstanceInfoReplicator-%d] com.netflix.discovery.DiscoveryClient    : DiscoveryClient_RESOURCE-INFRA-SERVICE/LTIN703242.cts.com:resource-infra-service:8082: registering service...
2026-05-13T09:49:16.276+05:30  INFO 14544 --- [resource-infra-service] [restartedMain] o.s.boot.tomcat.TomcatWebServer          : Tomcat started on port 8082 (http) with context path '/'
2026-05-13T09:49:16.276+05:30  INFO 14544 --- [resource-infra-service] [restartedMain] .s.c.n.e.s.EurekaAutoServiceRegistration : Updating port to 8082
2026-05-13T09:49:16.282+05:30  INFO 14544 --- [resource-infra-service] [DiscoveryClient-InstanceInfoReplicator-%d] com.netflix.discovery.DiscoveryClient    : DiscoveryClient_RESOURCE-INFRA-SERVICE/LTIN703242.cts.com:resource-infra-service:8082 - registration status: 204
2026-05-13T09:49:16.288+05:30  INFO 14544 --- [resource-infra-service] [restartedMain] c.e.d.ResourceInfraServiceApplication    : Started ResourceInfraServiceApplication in 4.873 seconds (process running for 4857.049)
2026-05-13T09:49:16.291+05:30  INFO 14544 --- [resource-infra-service] [restartedMain] .ConditionEvaluationDeltaLoggingListener : Condition evaluation unchanged
2026-05-13T09:49:17.070+05:30  INFO 14544 --- [resource-infra-service] [File Watcher] rtingClassPathChangeChangedEventListener : Restarting due to 34 class path changes (0 additions, 0 deletions, 34 modifications)
2026-05-13T09:49:17.071+05:30  INFO 14544 --- [resource-infra-service] [Thread-61] o.s.c.n.e.s.EurekaServiceRegistry        : Unregistering application RESOURCE-INFRA-SERVICE with eureka with status DOWN
2026-05-13T09:49:17.071+05:30  INFO 14544 --- [resource-infra-service] [Thread-61] com.netflix.discovery.DiscoveryClient    : Saw local status change event StatusChangeEvent [timestamp=1778645957071, current=DOWN, previous=UP]
2026-05-13T09:49:17.071+05:30  INFO 14544 --- [resource-infra-service] [DiscoveryClient-InstanceInfoReplicator-%d] com.netflix.discovery.DiscoveryClient    : DiscoveryClient_RESOURCE-INFRA-SERVICE/LTIN703242.cts.com:resource-infra-service:8082: registering service...
2026-05-13T09:49:17.072+05:30  INFO 14544 --- [resource-infra-service] [Thread-61] o.s.boot.tomcat.GracefulShutdown         : Commencing graceful shutdown. Waiting for active requests to complete
2026-05-13T09:49:17.074+05:30  INFO 14544 --- [resource-infra-service] [DiscoveryClient-InstanceInfoReplicator-%d] com.netflix.discovery.DiscoveryClient    : DiscoveryClient_RESOURCE-INFRA-SERVICE/LTIN703242.cts.com:resource-infra-service:8082 - registration status: 204
2026-05-13T09:49:17.082+05:30  INFO 14544 --- [resource-infra-service] [tomcat-shutdown] o.s.boot.tomcat.GracefulShutdown         : Graceful shutdown complete
2026-05-13T09:49:17.085+05:30  INFO 14544 --- [resource-infra-service] [Thread-61] j.LocalContainerEntityManagerFactoryBean : Closing JPA EntityManagerFactory for persistence unit 'default'
2026-05-13T09:49:17.085+05:30  INFO 14544 --- [resource-infra-service] [Thread-61] com.zaxxer.hikari.HikariDataSource       : HikariPool-11 - Shutdown initiated...
2026-05-13T09:49:17.089+05:30  INFO 14544 --- [resource-infra-service] [Thread-61] com.zaxxer.hikari.HikariDataSource       : HikariPool-11 - Shutdown completed.
2026-05-13T09:49:17.090+05:30  INFO 14544 --- [resource-infra-service] [Thread-61] com.netflix.discovery.DiscoveryClient    : Shutting down DiscoveryClient ...
2026-05-13T09:49:20.092+05:30  INFO 14544 --- [resource-infra-service] [Thread-61] com.netflix.discovery.DiscoveryClient    : Unregistering ...
2026-05-13T09:49:20.096+05:30  INFO 14544 --- [resource-infra-service] [Thread-61] com.netflix.discovery.DiscoveryClient    : DiscoveryClient_RESOURCE-INFRA-SERVICE/LTIN703242.cts.com:resource-infra-service:8082 - deregister  status: 200
2026-05-13T09:49:20.097+05:30  INFO 14544 --- [resource-infra-service] [Thread-61] com.netflix.discovery.DiscoveryClient    : Completed shut down of DiscoveryClient
2026-05-13T09:49:20.928+05:30  INFO 14544 --- [resource-infra-service] [restartedMain] c.e.d.ResourceInfraServiceApplication    : Starting ResourceInfraServiceApplication using Java 21.0.8 with PID 14544 (C:\Users\2481450\OneDrive - Cognizant\Desktop\green-gov-microservice\resource-infra-service\target\classes started by 2481450 in C:\Users\2481450\OneDrive - Cognizant\Desktop\green-gov-microservice\resource-infra-service)
2026-05-13T09:49:20.929+05:30  INFO 14544 --- [resource-infra-service] [restartedMain] c.e.d.ResourceInfraServiceApplication    : No active profile set, falling back to 1 default profile: "default"
2026-05-13T09:49:20.931+05:30  INFO 14544 --- [resource-infra-service] [restartedMain] o.s.c.c.c.ConfigServerConfigDataLoader   : Fetching config from server at : http://localhost:8711
2026-05-13T09:49:20.931+05:30  INFO 14544 --- [resource-infra-service] [restartedMain] o.s.c.c.c.ConfigServerConfigDataLoader   : Located environment: name=resource-infra-service, profiles=[default], label=null, version=cce02294c53cbe23bacad52895bb56ea0cfeeb6e, state=
2026-05-13T09:49:21.247+05:30  INFO 14544 --- [resource-infra-service] [restartedMain] .s.d.r.c.RepositoryConfigurationDelegate : Bootstrapping Spring Data JPA repositories in DEFAULT mode.
2026-05-13T09:49:21.260+05:30  INFO 14544 --- [resource-infra-service] [restartedMain] .s.d.r.c.RepositoryConfigurationDelegate : Finished Spring Data repository scanning in 10 ms. Found 2 JPA repository interfaces.
2026-05-13T09:49:21.377+05:30  INFO 14544 --- [resource-infra-service] [restartedMain] o.s.cloud.context.scope.GenericScope     : BeanFactory id=74d08662-4b7a-3878-81a1-ae2a05ebcfff
2026-05-13T09:49:21.560+05:30  INFO 14544 --- [resource-infra-service] [restartedMain] o.s.boot.tomcat.TomcatWebServer          : Tomcat initialized with port 8082 (http)
2026-05-13T09:49:21.560+05:30  INFO 14544 --- [resource-infra-service] [restartedMain] o.apache.catalina.core.StandardService   : Starting service [Tomcat]
2026-05-13T09:49:21.561+05:30  INFO 14544 --- [resource-infra-service] [restartedMain] o.apache.catalina.core.StandardEngine    : Starting Servlet engine: [Apache Tomcat/11.0.20]
2026-05-13T09:49:21.634+05:30  INFO 14544 --- [resource-infra-service] [restartedMain] b.w.c.s.WebApplicationContextInitializer : Root WebApplicationContext: initialization completed in 703 ms
2026-05-13T09:49:21.871+05:30  INFO 14544 --- [resource-infra-service] [restartedMain] org.hibernate.orm.jpa                    : HHH008540: Processing PersistenceUnitInfo [name: default]
2026-05-13T09:49:21.900+05:30  INFO 14544 --- [resource-infra-service] [restartedMain] o.s.o.j.p.SpringPersistenceUnitInfo      : No LoadTimeWeaver setup: ignoring JPA class transformer
2026-05-13T09:49:21.901+05:30  INFO 14544 --- [resource-infra-service] [restartedMain] com.zaxxer.hikari.HikariDataSource       : HikariPool-12 - Starting...
2026-05-13T09:49:21.912+05:30  INFO 14544 --- [resource-infra-service] [restartedMain] com.zaxxer.hikari.pool.HikariPool        : HikariPool-12 - Added connection com.mysql.cj.jdbc.ConnectionImpl@1f40da05
2026-05-13T09:49:21.912+05:30  INFO 14544 --- [resource-infra-service] [restartedMain] com.zaxxer.hikari.HikariDataSource       : HikariPool-12 - Start completed.
2026-05-13T09:49:21.913+05:30  WARN 14544 --- [resource-infra-service] [restartedMain] org.hibernate.orm.deprecation            : HHH90000025: MySQLDialect does not need to be specified explicitly using 'hibernate.dialect' (remove the property setting and it will be selected by default)
2026-05-13T09:49:21.914+05:30  INFO 14544 --- [resource-infra-service] [restartedMain] org.hibernate.orm.connections.pooling    : HHH10001005: Database info:
	Database JDBC URL [jdbc:mysql://localhost:3306/GreenGov_Microservice?createDatabaseIfNotExist=true]
	Database driver: MySQL Connector/J
	Database dialect: MySQLDialect
	Database version: 8.0.44
	Default catalog/schema: GreenGov_Microservice/undefined
	Autocommit mode: undefined/unknown
	Isolation level: REPEATABLE_READ [default REPEATABLE_READ]
	JDBC fetch size: none
	Pool: DataSourceConnectionProvider
	Minimum pool size: undefined/unknown
	Maximum pool size: undefined/unknown
2026-05-13T09:49:21.953+05:30  INFO 14544 --- [resource-infra-service] [restartedMain] org.hibernate.orm.core                   : HHH000489: No JTA platform available (set 'hibernate.transaction.jta.platform' to enable JTA platform integration)
2026-05-13T09:49:21.971+05:30  INFO 14544 --- [resource-infra-service] [restartedMain] j.LocalContainerEntityManagerFactoryBean : Initialized JPA EntityManagerFactory for persistence unit 'default'
2026-05-13T09:49:22.160+05:30  WARN 14544 --- [resource-infra-service] [restartedMain] JpaBaseConfiguration$JpaWebConfiguration : spring.jpa.open-in-view is enabled by default. Therefore, database queries may be performed during view rendering. Explicitly configure spring.jpa.open-in-view to disable this warning
2026-05-13T09:49:22.301+05:30  INFO 14544 --- [resource-infra-service] [restartedMain] o.s.c.openfeign.FeignClientFactoryBean   : For 'SUSTAINABILITYPROJECTSERVICE' URL not provided. Will try picking an instance via load-balancing.
2026-05-13T09:49:22.420+05:30  INFO 14544 --- [resource-infra-service] [restartedMain] o.s.c.openfeign.FeignClientFactoryBean   : For 'NOTIFICATIONS-SERVICE' URL not provided. Will try picking an instance via load-balancing.
2026-05-13T09:49:23.618+05:30  INFO 14544 --- [resource-infra-service] [restartedMain] DiscoveryClientOptionalArgsConfiguration : Eureka HTTP Client uses RestClient.
2026-05-13T09:49:23.693+05:30  WARN 14544 --- [resource-infra-service] [restartedMain] iguration$LoadBalancerCaffeineWarnLogger : Spring Cloud LoadBalancer is currently working with the default cache. While this cache implementation is useful for development and tests, it's recommended to use Caffeine cache in production.You can switch to using Caffeine cache, by adding it and org.springframework.cache.caffeine.CaffeineCacheManager to the classpath.
2026-05-13T09:49:23.715+05:30  INFO 14544 --- [resource-infra-service] [restartedMain] o.s.b.a.e.web.EndpointLinksResolver      : Exposing 1 endpoint beneath base path '/actuator'
2026-05-13T09:49:23.771+05:30  INFO 14544 --- [resource-infra-service] [restartedMain] o.s.c.n.eureka.InstanceInfoFactory       : Setting initial instance status as: STARTING
2026-05-13T09:49:23.776+05:30  INFO 14544 --- [resource-infra-service] [restartedMain] com.netflix.discovery.DiscoveryClient    : Initializing Eureka in region us-east-1
2026-05-13T09:49:23.777+05:30  INFO 14544 --- [resource-infra-service] [restartedMain] c.n.d.s.r.aws.ConfigClusterResolver      : Resolving eureka endpoints via configuration
2026-05-13T09:49:23.777+05:30  INFO 14544 --- [resource-infra-service] [restartedMain] com.netflix.discovery.DiscoveryClient    : Disable delta property : false
2026-05-13T09:49:23.777+05:30  INFO 14544 --- [resource-infra-service] [restartedMain] com.netflix.discovery.DiscoveryClient    : Single vip registry refresh property : null
2026-05-13T09:49:23.777+05:30  INFO 14544 --- [resource-infra-service] [restartedMain] com.netflix.discovery.DiscoveryClient    : Force full registry fetch : false
2026-05-13T09:49:23.777+05:30  INFO 14544 --- [resource-infra-service] [restartedMain] com.netflix.discovery.DiscoveryClient    : Application is null : false
2026-05-13T09:49:23.777+05:30  INFO 14544 --- [resource-infra-service] [restartedMain] com.netflix.discovery.DiscoveryClient    : Registered Applications size is zero : true
2026-05-13T09:49:23.777+05:30  INFO 14544 --- [resource-infra-service] [restartedMain] com.netflix.discovery.DiscoveryClient    : Application version is -1: true
2026-05-13T09:49:23.777+05:30  INFO 14544 --- [resource-infra-service] [restartedMain] com.netflix.discovery.DiscoveryClient    : Getting all instance registry info from the eureka server
2026-05-13T09:49:23.801+05:30  INFO 14544 --- [resource-infra-service] [restartedMain] com.netflix.discovery.DiscoveryClient    : The response status is 200
2026-05-13T09:49:23.802+05:30  INFO 14544 --- [resource-infra-service] [restartedMain] com.netflix.discovery.DiscoveryClient    : Starting heartbeat executor: renew interval is: 30
2026-05-13T09:49:23.802+05:30  INFO 14544 --- [resource-infra-service] [restartedMain] c.n.discovery.InstanceInfoReplicator     : InstanceInfoReplicator onDemand update allowed rate per min is 4
2026-05-13T09:49:23.802+05:30  INFO 14544 --- [resource-infra-service] [restartedMain] com.netflix.discovery.DiscoveryClient    : Discovery Client initialized at timestamp 1778645963802 with initial instances count: 10
2026-05-13T09:49:23.816+05:30  INFO 14544 --- [resource-infra-service] [restartedMain] o.s.c.n.e.s.EurekaServiceRegistry        : Registering application RESOURCE-INFRA-SERVICE with eureka with status UP
2026-05-13T09:49:23.817+05:30  INFO 14544 --- [resource-infra-service] [restartedMain] com.netflix.discovery.DiscoveryClient    : Saw local status change event StatusChangeEvent [timestamp=1778645963816, current=UP, previous=STARTING]
2026-05-13T09:49:23.817+05:30  INFO 14544 --- [resource-infra-service] [DiscoveryClient-InstanceInfoReplicator-%d] com.netflix.discovery.DiscoveryClient    : DiscoveryClient_RESOURCE-INFRA-SERVICE/LTIN703242.cts.com:resource-infra-service:8082: registering service...
2026-05-13T09:49:23.822+05:30  INFO 14544 --- [resource-infra-service] [restartedMain] o.s.boot.tomcat.TomcatWebServer          : Tomcat started on port 8082 (http) with context path '/'
2026-05-13T09:49:23.823+05:30  INFO 14544 --- [resource-infra-service] [restartedMain] .s.c.n.e.s.EurekaAutoServiceRegistration : Updating port to 8082
2026-05-13T09:49:23.832+05:30  INFO 14544 --- [resource-infra-service] [DiscoveryClient-InstanceInfoReplicator-%d] com.netflix.discovery.DiscoveryClient    : DiscoveryClient_RESOURCE-INFRA-SERVICE/LTIN703242.cts.com:resource-infra-service:8082 - registration status: 204
2026-05-13T09:49:23.841+05:30  INFO 14544 --- [resource-infra-service] [restartedMain] c.e.d.ResourceInfraServiceApplication    : Started ResourceInfraServiceApplication in 3.684 seconds (process running for 4864.601)
2026-05-13T09:49:23.844+05:30  INFO 14544 --- [resource-infra-service] [restartedMain] .ConditionEvaluationDeltaLoggingListener : Condition evaluation unchanged
2026-05-13T09:49:25.767+05:30  INFO 14544 --- [resource-infra-service] [File Watcher] rtingClassPathChangeChangedEventListener : Restarting due to 34 class path changes (0 additions, 4 deletions, 30 modifications)
2026-05-13T09:49:25.769+05:30  INFO 14544 --- [resource-infra-service] [Thread-67] o.s.c.n.e.s.EurekaServiceRegistry        : Unregistering application RESOURCE-INFRA-SERVICE with eureka with status DOWN
2026-05-13T09:49:25.769+05:30  INFO 14544 --- [resource-infra-service] [Thread-67] com.netflix.discovery.DiscoveryClient    : Saw local status change event StatusChangeEvent [timestamp=1778645965769, current=DOWN, previous=UP]
2026-05-13T09:49:25.769+05:30  INFO 14544 --- [resource-infra-service] [DiscoveryClient-InstanceInfoReplicator-%d] com.netflix.discovery.DiscoveryClient    : DiscoveryClient_RESOURCE-INFRA-SERVICE/LTIN703242.cts.com:resource-infra-service:8082: registering service...
2026-05-13T09:49:25.771+05:30  INFO 14544 --- [resource-infra-service] [Thread-67] o.s.boot.tomcat.GracefulShutdown         : Commencing graceful shutdown. Waiting for active requests to complete
2026-05-13T09:49:25.772+05:30  INFO 14544 --- [resource-infra-service] [DiscoveryClient-InstanceInfoReplicator-%d] com.netflix.discovery.DiscoveryClient    : DiscoveryClient_RESOURCE-INFRA-SERVICE/LTIN703242.cts.com:resource-infra-service:8082 - registration status: 204
2026-05-13T09:49:25.778+05:30  INFO 14544 --- [resource-infra-service] [tomcat-shutdown] o.s.boot.tomcat.GracefulShutdown         : Graceful shutdown complete
2026-05-13T09:49:25.781+05:30  INFO 14544 --- [resource-infra-service] [Thread-67] j.LocalContainerEntityManagerFactoryBean : Closing JPA EntityManagerFactory for persistence unit 'default'
2026-05-13T09:49:25.782+05:30  INFO 14544 --- [resource-infra-service] [Thread-67] com.zaxxer.hikari.HikariDataSource       : HikariPool-12 - Shutdown initiated...
2026-05-13T09:49:25.785+05:30  INFO 14544 --- [resource-infra-service] [Thread-67] com.zaxxer.hikari.HikariDataSource       : HikariPool-12 - Shutdown completed.
2026-05-13T09:49:25.786+05:30  INFO 14544 --- [resource-infra-service] [Thread-67] com.netflix.discovery.DiscoveryClient    : Shutting down DiscoveryClient ...
2026-05-13T09:49:28.786+05:30  INFO 14544 --- [resource-infra-service] [Thread-67] com.netflix.discovery.DiscoveryClient    : Unregistering ...
2026-05-13T09:49:28.790+05:30  INFO 14544 --- [resource-infra-service] [Thread-67] com.netflix.discovery.DiscoveryClient    : DiscoveryClient_RESOURCE-INFRA-SERVICE/LTIN703242.cts.com:resource-infra-service:8082 - deregister  status: 200
2026-05-13T09:49:28.790+05:30  INFO 14544 --- [resource-infra-service] [Thread-67] com.netflix.discovery.DiscoveryClient    : Completed shut down of DiscoveryClient
2026-05-13T09:49:29.642+05:30  INFO 14544 --- [resource-infra-service] [restartedMain] c.e.d.ResourceInfraServiceApplication    : Starting ResourceInfraServiceApplication using Java 21.0.8 with PID 14544 (C:\Users\2481450\OneDrive - Cognizant\Desktop\green-gov-microservice\resource-infra-service\target\classes started by 2481450 in C:\Users\2481450\OneDrive - Cognizant\Desktop\green-gov-microservice\resource-infra-service)
2026-05-13T09:49:29.642+05:30  INFO 14544 --- [resource-infra-service] [restartedMain] c.e.d.ResourceInfraServiceApplication    : No active profile set, falling back to 1 default profile: "default"
2026-05-13T09:49:29.644+05:30  INFO 14544 --- [resource-infra-service] [restartedMain] o.s.c.c.c.ConfigServerConfigDataLoader   : Fetching config from server at : http://localhost:8711
2026-05-13T09:49:29.644+05:30  INFO 14544 --- [resource-infra-service] [restartedMain] o.s.c.c.c.ConfigServerConfigDataLoader   : Located environment: name=resource-infra-service, profiles=[default], label=null, version=cce02294c53cbe23bacad52895bb56ea0cfeeb6e, state=
2026-05-13T09:49:29.971+05:30  INFO 14544 --- [resource-infra-service] [restartedMain] .s.d.r.c.RepositoryConfigurationDelegate : Bootstrapping Spring Data JPA repositories in DEFAULT mode.
2026-05-13T09:49:29.987+05:30  INFO 14544 --- [resource-infra-service] [restartedMain] .s.d.r.c.RepositoryConfigurationDelegate : Finished Spring Data repository scanning in 14 ms. Found 2 JPA repository interfaces.
2026-05-13T09:49:30.103+05:30  INFO 14544 --- [resource-infra-service] [restartedMain] o.s.cloud.context.scope.GenericScope     : BeanFactory id=74d08662-4b7a-3878-81a1-ae2a05ebcfff
2026-05-13T09:49:30.295+05:30  INFO 14544 --- [resource-infra-service] [restartedMain] o.s.boot.tomcat.TomcatWebServer          : Tomcat initialized with port 8082 (http)
2026-05-13T09:49:30.296+05:30  INFO 14544 --- [resource-infra-service] [restartedMain] o.apache.catalina.core.StandardService   : Starting service [Tomcat]
2026-05-13T09:49:30.296+05:30  INFO 14544 --- [resource-infra-service] [restartedMain] o.apache.catalina.core.StandardEngine    : Starting Servlet engine: [Apache Tomcat/11.0.20]
2026-05-13T09:49:30.367+05:30  INFO 14544 --- [resource-infra-service] [restartedMain] b.w.c.s.WebApplicationContextInitializer : Root WebApplicationContext: initialization completed in 722 ms
2026-05-13T09:49:30.617+05:30  INFO 14544 --- [resource-infra-service] [restartedMain] org.hibernate.orm.jpa                    : HHH008540: Processing PersistenceUnitInfo [name: default]
2026-05-13T09:49:30.642+05:30  INFO 14544 --- [resource-infra-service] [restartedMain] o.s.o.j.p.SpringPersistenceUnitInfo      : No LoadTimeWeaver setup: ignoring JPA class transformer
2026-05-13T09:49:30.643+05:30  INFO 14544 --- [resource-infra-service] [restartedMain] com.zaxxer.hikari.HikariDataSource       : HikariPool-13 - Starting...
2026-05-13T09:49:30.655+05:30  INFO 14544 --- [resource-infra-service] [restartedMain] com.zaxxer.hikari.pool.HikariPool        : HikariPool-13 - Added connection com.mysql.cj.jdbc.ConnectionImpl@3ada5f6d
2026-05-13T09:49:30.655+05:30  INFO 14544 --- [resource-infra-service] [restartedMain] com.zaxxer.hikari.HikariDataSource       : HikariPool-13 - Start completed.
2026-05-13T09:49:30.656+05:30  WARN 14544 --- [resource-infra-service] [restartedMain] org.hibernate.orm.deprecation            : HHH90000025: MySQLDialect does not need to be specified explicitly using 'hibernate.dialect' (remove the property setting and it will be selected by default)
2026-05-13T09:49:30.657+05:30  INFO 14544 --- [resource-infra-service] [restartedMain] org.hibernate.orm.connections.pooling    : HHH10001005: Database info:
	Database JDBC URL [jdbc:mysql://localhost:3306/GreenGov_Microservice?createDatabaseIfNotExist=true]
	Database driver: MySQL Connector/J
	Database dialect: MySQLDialect
	Database version: 8.0.44
	Default catalog/schema: GreenGov_Microservice/undefined
	Autocommit mode: undefined/unknown
	Isolation level: REPEATABLE_READ [default REPEATABLE_READ]
	JDBC fetch size: none
	Pool: DataSourceConnectionProvider
	Minimum pool size: undefined/unknown
	Maximum pool size: undefined/unknown
2026-05-13T09:49:30.699+05:30  INFO 14544 --- [resource-infra-service] [restartedMain] org.hibernate.orm.core                   : HHH000489: No JTA platform available (set 'hibernate.transaction.jta.platform' to enable JTA platform integration)
2026-05-13T09:49:30.722+05:30  INFO 14544 --- [resource-infra-service] [restartedMain] j.LocalContainerEntityManagerFactoryBean : Initialized JPA EntityManagerFactory for persistence unit 'default'
2026-05-13T09:49:30.912+05:30  WARN 14544 --- [resource-infra-service] [restartedMain] JpaBaseConfiguration$JpaWebConfiguration : spring.jpa.open-in-view is enabled by default. Therefore, database queries may be performed during view rendering. Explicitly configure spring.jpa.open-in-view to disable this warning
2026-05-13T09:49:31.029+05:30  INFO 14544 --- [resource-infra-service] [restartedMain] o.s.c.openfeign.FeignClientFactoryBean   : For 'SUSTAINABILITYPROJECTSERVICE' URL not provided. Will try picking an instance via load-balancing.
2026-05-13T09:49:31.143+05:30  INFO 14544 --- [resource-infra-service] [restartedMain] o.s.c.openfeign.FeignClientFactoryBean   : For 'NOTIFICATIONS-SERVICE' URL not provided. Will try picking an instance via load-balancing.
2026-05-13T09:49:32.171+05:30  INFO 14544 --- [resource-infra-service] [restartedMain] DiscoveryClientOptionalArgsConfiguration : Eureka HTTP Client uses RestClient.
2026-05-13T09:49:32.242+05:30  WARN 14544 --- [resource-infra-service] [restartedMain] iguration$LoadBalancerCaffeineWarnLogger : Spring Cloud LoadBalancer is currently working with the default cache. While this cache implementation is useful for development and tests, it's recommended to use Caffeine cache in production.You can switch to using Caffeine cache, by adding it and org.springframework.cache.caffeine.CaffeineCacheManager to the classpath.
2026-05-13T09:49:32.263+05:30  INFO 14544 --- [resource-infra-service] [restartedMain] o.s.b.a.e.web.EndpointLinksResolver      : Exposing 1 endpoint beneath base path '/actuator'
2026-05-13T09:49:32.304+05:30  INFO 14544 --- [resource-infra-service] [restartedMain] o.s.c.n.eureka.InstanceInfoFactory       : Setting initial instance status as: STARTING
2026-05-13T09:49:32.309+05:30  INFO 14544 --- [resource-infra-service] [restartedMain] com.netflix.discovery.DiscoveryClient    : Initializing Eureka in region us-east-1
2026-05-13T09:49:32.309+05:30  INFO 14544 --- [resource-infra-service] [restartedMain] c.n.d.s.r.aws.ConfigClusterResolver      : Resolving eureka endpoints via configuration
2026-05-13T09:49:32.309+05:30  INFO 14544 --- [resource-infra-service] [restartedMain] com.netflix.discovery.DiscoveryClient    : Disable delta property : false
2026-05-13T09:49:32.309+05:30  INFO 14544 --- [resource-infra-service] [restartedMain] com.netflix.discovery.DiscoveryClient    : Single vip registry refresh property : null
2026-05-13T09:49:32.309+05:30  INFO 14544 --- [resource-infra-service] [restartedMain] com.netflix.discovery.DiscoveryClient    : Force full registry fetch : false
2026-05-13T09:49:32.309+05:30  INFO 14544 --- [resource-infra-service] [restartedMain] com.netflix.discovery.DiscoveryClient    : Application is null : false
2026-05-13T09:49:32.309+05:30  INFO 14544 --- [resource-infra-service] [restartedMain] com.netflix.discovery.DiscoveryClient    : Registered Applications size is zero : true
2026-05-13T09:49:32.309+05:30  INFO 14544 --- [resource-infra-service] [restartedMain] com.netflix.discovery.DiscoveryClient    : Application version is -1: true
2026-05-13T09:49:32.309+05:30  INFO 14544 --- [resource-infra-service] [restartedMain] com.netflix.discovery.DiscoveryClient    : Getting all instance registry info from the eureka server
2026-05-13T09:49:32.327+05:30  INFO 14544 --- [resource-infra-service] [restartedMain] com.netflix.discovery.DiscoveryClient    : The response status is 200
2026-05-13T09:49:32.327+05:30  INFO 14544 --- [resource-infra-service] [restartedMain] com.netflix.discovery.DiscoveryClient    : Starting heartbeat executor: renew interval is: 30
2026-05-13T09:49:32.327+05:30  INFO 14544 --- [resource-infra-service] [restartedMain] c.n.discovery.InstanceInfoReplicator     : InstanceInfoReplicator onDemand update allowed rate per min is 4
2026-05-13T09:49:32.327+05:30  INFO 14544 --- [resource-infra-service] [restartedMain] com.netflix.discovery.DiscoveryClient    : Discovery Client initialized at timestamp 1778645972327 with initial instances count: 10
2026-05-13T09:49:32.336+05:30  INFO 14544 --- [resource-infra-service] [restartedMain] o.s.c.n.e.s.EurekaServiceRegistry        : Registering application RESOURCE-INFRA-SERVICE with eureka with status UP
2026-05-13T09:49:32.336+05:30  INFO 14544 --- [resource-infra-service] [restartedMain] com.netflix.discovery.DiscoveryClient    : Saw local status change event StatusChangeEvent [timestamp=1778645972336, current=UP, previous=STARTING]
2026-05-13T09:49:32.336+05:30  INFO 14544 --- [resource-infra-service] [DiscoveryClient-InstanceInfoReplicator-%d] com.netflix.discovery.DiscoveryClient    : DiscoveryClient_RESOURCE-INFRA-SERVICE/LTIN703242.cts.com:resource-infra-service:8082: registering service...
2026-05-13T09:49:32.343+05:30  INFO 14544 --- [resource-infra-service] [restartedMain] o.s.boot.tomcat.TomcatWebServer          : Tomcat started on port 8082 (http) with context path '/'
2026-05-13T09:49:32.344+05:30  INFO 14544 --- [resource-infra-service] [restartedMain] .s.c.n.e.s.EurekaAutoServiceRegistration : Updating port to 8082
2026-05-13T09:49:32.349+05:30  INFO 14544 --- [resource-infra-service] [DiscoveryClient-InstanceInfoReplicator-%d] com.netflix.discovery.DiscoveryClient    : DiscoveryClient_RESOURCE-INFRA-SERVICE/LTIN703242.cts.com:resource-infra-service:8082 - registration status: 204
2026-05-13T09:49:32.358+05:30  INFO 14544 --- [resource-infra-service] [restartedMain] c.e.d.ResourceInfraServiceApplication    : Started ResourceInfraServiceApplication in 3.515 seconds (process running for 4873.119)
2026-05-13T09:49:32.360+05:30  INFO 14544 --- [resource-infra-service] [restartedMain] .ConditionEvaluationDeltaLoggingListener : Condition evaluation unchanged
2026-05-13T09:49:33.347+05:30  INFO 14544 --- [resource-infra-service] [File Watcher] rtingClassPathChangeChangedEventListener : Restarting due to 4 class path changes (4 additions, 0 deletions, 0 modifications)
2026-05-13T09:49:33.347+05:30  INFO 14544 --- [resource-infra-service] [Thread-73] o.s.c.n.e.s.EurekaServiceRegistry        : Unregistering application RESOURCE-INFRA-SERVICE with eureka with status DOWN
2026-05-13T09:49:33.347+05:30  INFO 14544 --- [resource-infra-service] [Thread-73] com.netflix.discovery.DiscoveryClient    : Saw local status change event StatusChangeEvent [timestamp=1778645973347, current=DOWN, previous=UP]
2026-05-13T09:49:33.348+05:30  INFO 14544 --- [resource-infra-service] [DiscoveryClient-InstanceInfoReplicator-%d] com.netflix.discovery.DiscoveryClient    : DiscoveryClient_RESOURCE-INFRA-SERVICE/LTIN703242.cts.com:resource-infra-service:8082: registering service...
2026-05-13T09:49:33.348+05:30  INFO 14544 --- [resource-infra-service] [Thread-73] o.s.boot.tomcat.GracefulShutdown         : Commencing graceful shutdown. Waiting for active requests to complete
2026-05-13T09:49:33.350+05:30  INFO 14544 --- [resource-infra-service] [DiscoveryClient-InstanceInfoReplicator-%d] com.netflix.discovery.DiscoveryClient    : DiscoveryClient_RESOURCE-INFRA-SERVICE/LTIN703242.cts.com:resource-infra-service:8082 - registration status: 204
2026-05-13T09:49:33.355+05:30  INFO 14544 --- [resource-infra-service] [tomcat-shutdown] o.s.boot.tomcat.GracefulShutdown         : Graceful shutdown complete
2026-05-13T09:49:33.359+05:30  INFO 14544 --- [resource-infra-service] [Thread-73] j.LocalContainerEntityManagerFactoryBean : Closing JPA EntityManagerFactory for persistence unit 'default'
2026-05-13T09:49:33.359+05:30  INFO 14544 --- [resource-infra-service] [Thread-73] com.zaxxer.hikari.HikariDataSource       : HikariPool-13 - Shutdown initiated...
2026-05-13T09:49:33.363+05:30  INFO 14544 --- [resource-infra-service] [Thread-73] com.zaxxer.hikari.HikariDataSource       : HikariPool-13 - Shutdown completed.
2026-05-13T09:49:33.364+05:30  INFO 14544 --- [resource-infra-service] [Thread-73] com.netflix.discovery.DiscoveryClient    : Shutting down DiscoveryClient ...
2026-05-13T09:49:36.365+05:30  INFO 14544 --- [resource-infra-service] [Thread-73] com.netflix.discovery.DiscoveryClient    : Unregistering ...
2026-05-13T09:49:36.369+05:30  INFO 14544 --- [resource-infra-service] [Thread-73] com.netflix.discovery.DiscoveryClient    : DiscoveryClient_RESOURCE-INFRA-SERVICE/LTIN703242.cts.com:resource-infra-service:8082 - deregister  status: 200
2026-05-13T09:49:36.370+05:30  INFO 14544 --- [resource-infra-service] [Thread-73] com.netflix.discovery.DiscoveryClient    : Completed shut down of DiscoveryClient
2026-05-13T09:49:37.230+05:30  INFO 14544 --- [resource-infra-service] [restartedMain] c.e.d.ResourceInfraServiceApplication    : Starting ResourceInfraServiceApplication using Java 21.0.8 with PID 14544 (C:\Users\2481450\OneDrive - Cognizant\Desktop\green-gov-microservice\resource-infra-service\target\classes started by 2481450 in C:\Users\2481450\OneDrive - Cognizant\Desktop\green-gov-microservice\resource-infra-service)
2026-05-13T09:49:37.230+05:30  INFO 14544 --- [resource-infra-service] [restartedMain] c.e.d.ResourceInfraServiceApplication    : No active profile set, falling back to 1 default profile: "default"
2026-05-13T09:49:37.232+05:30  INFO 14544 --- [resource-infra-service] [restartedMain] o.s.c.c.c.ConfigServerConfigDataLoader   : Fetching config from server at : http://localhost:8711
2026-05-13T09:49:37.232+05:30  INFO 14544 --- [resource-infra-service] [restartedMain] o.s.c.c.c.ConfigServerConfigDataLoader   : Located environment: name=resource-infra-service, profiles=[default], label=null, version=cce02294c53cbe23bacad52895bb56ea0cfeeb6e, state=
2026-05-13T09:49:37.624+05:30  INFO 14544 --- [resource-infra-service] [restartedMain] .s.d.r.c.RepositoryConfigurationDelegate : Bootstrapping Spring Data JPA repositories in DEFAULT mode.
2026-05-13T09:49:37.640+05:30  INFO 14544 --- [resource-infra-service] [restartedMain] .s.d.r.c.RepositoryConfigurationDelegate : Finished Spring Data repository scanning in 12 ms. Found 2 JPA repository interfaces.
2026-05-13T09:49:37.783+05:30  INFO 14544 --- [resource-infra-service] [restartedMain] o.s.cloud.context.scope.GenericScope     : BeanFactory id=74d08662-4b7a-3878-81a1-ae2a05ebcfff
2026-05-13T09:49:38.004+05:30  INFO 14544 --- [resource-infra-service] [restartedMain] o.s.boot.tomcat.TomcatWebServer          : Tomcat initialized with port 8082 (http)
2026-05-13T09:49:38.005+05:30  INFO 14544 --- [resource-infra-service] [restartedMain] o.apache.catalina.core.StandardService   : Starting service [Tomcat]
2026-05-13T09:49:38.005+05:30  INFO 14544 --- [resource-infra-service] [restartedMain] o.apache.catalina.core.StandardEngine    : Starting Servlet engine: [Apache Tomcat/11.0.20]
2026-05-13T09:49:38.052+05:30  INFO 14544 --- [resource-infra-service] [restartedMain] b.w.c.s.WebApplicationContextInitializer : Root WebApplicationContext: initialization completed in 820 ms
2026-05-13T09:49:38.351+05:30  INFO 14544 --- [resource-infra-service] [restartedMain] org.hibernate.orm.jpa                    : HHH008540: Processing PersistenceUnitInfo [name: default]
2026-05-13T09:49:38.375+05:30  INFO 14544 --- [resource-infra-service] [restartedMain] o.s.o.j.p.SpringPersistenceUnitInfo      : No LoadTimeWeaver setup: ignoring JPA class transformer
2026-05-13T09:49:38.377+05:30  INFO 14544 --- [resource-infra-service] [restartedMain] com.zaxxer.hikari.HikariDataSource       : HikariPool-14 - Starting...
2026-05-13T09:49:38.389+05:30  INFO 14544 --- [resource-infra-service] [restartedMain] com.zaxxer.hikari.pool.HikariPool        : HikariPool-14 - Added connection com.mysql.cj.jdbc.ConnectionImpl@561c6a7c
2026-05-13T09:49:38.390+05:30  INFO 14544 --- [resource-infra-service] [restartedMain] com.zaxxer.hikari.HikariDataSource       : HikariPool-14 - Start completed.
2026-05-13T09:49:38.390+05:30  WARN 14544 --- [resource-infra-service] [restartedMain] org.hibernate.orm.deprecation            : HHH90000025: MySQLDialect does not need to be specified explicitly using 'hibernate.dialect' (remove the property setting and it will be selected by default)
2026-05-13T09:49:38.391+05:30  INFO 14544 --- [resource-infra-service] [restartedMain] org.hibernate.orm.connections.pooling    : HHH10001005: Database info:
	Database JDBC URL [jdbc:mysql://localhost:3306/GreenGov_Microservice?createDatabaseIfNotExist=true]
	Database driver: MySQL Connector/J
	Database dialect: MySQLDialect
	Database version: 8.0.44
	Default catalog/schema: GreenGov_Microservice/undefined
	Autocommit mode: undefined/unknown
	Isolation level: REPEATABLE_READ [default REPEATABLE_READ]
	JDBC fetch size: none
	Pool: DataSourceConnectionProvider
	Minimum pool size: undefined/unknown
	Maximum pool size: undefined/unknown
2026-05-13T09:49:38.431+05:30  INFO 14544 --- [resource-infra-service] [restartedMain] org.hibernate.orm.core                   : HHH000489: No JTA platform available (set 'hibernate.transaction.jta.platform' to enable JTA platform integration)
2026-05-13T09:49:38.448+05:30  INFO 14544 --- [resource-infra-service] [restartedMain] j.LocalContainerEntityManagerFactoryBean : Initialized JPA EntityManagerFactory for persistence unit 'default'
2026-05-13T09:49:38.631+05:30  WARN 14544 --- [resource-infra-service] [restartedMain] JpaBaseConfiguration$JpaWebConfiguration : spring.jpa.open-in-view is enabled by default. Therefore, database queries may be performed during view rendering. Explicitly configure spring.jpa.open-in-view to disable this warning
2026-05-13T09:49:38.755+05:30  INFO 14544 --- [resource-infra-service] [restartedMain] o.s.c.openfeign.FeignClientFactoryBean   : For 'SUSTAINABILITYPROJECTSERVICE' URL not provided. Will try picking an instance via load-balancing.
2026-05-13T09:49:38.872+05:30  INFO 14544 --- [resource-infra-service] [restartedMain] o.s.c.openfeign.FeignClientFactoryBean   : For 'NOTIFICATIONS-SERVICE' URL not provided. Will try picking an instance via load-balancing.
2026-05-13T09:49:40.079+05:30  INFO 14544 --- [resource-infra-service] [restartedMain] DiscoveryClientOptionalArgsConfiguration : Eureka HTTP Client uses RestClient.
2026-05-13T09:49:40.148+05:30  WARN 14544 --- [resource-infra-service] [restartedMain] iguration$LoadBalancerCaffeineWarnLogger : Spring Cloud LoadBalancer is currently working with the default cache. While this cache implementation is useful for development and tests, it's recommended to use Caffeine cache in production.You can switch to using Caffeine cache, by adding it and org.springframework.cache.caffeine.CaffeineCacheManager to the classpath.
2026-05-13T09:49:40.169+05:30  INFO 14544 --- [resource-infra-service] [restartedMain] o.s.b.a.e.web.EndpointLinksResolver      : Exposing 1 endpoint beneath base path '/actuator'
2026-05-13T09:49:40.271+05:30  INFO 14544 --- [resource-infra-service] [restartedMain] o.s.c.n.eureka.InstanceInfoFactory       : Setting initial instance status as: STARTING
2026-05-13T09:49:40.278+05:30  INFO 14544 --- [resource-infra-service] [restartedMain] com.netflix.discovery.DiscoveryClient    : Initializing Eureka in region us-east-1
2026-05-13T09:49:40.278+05:30  INFO 14544 --- [resource-infra-service] [restartedMain] c.n.d.s.r.aws.ConfigClusterResolver      : Resolving eureka endpoints via configuration
2026-05-13T09:49:40.279+05:30  INFO 14544 --- [resource-infra-service] [restartedMain] com.netflix.discovery.DiscoveryClient    : Disable delta property : false
2026-05-13T09:49:40.279+05:30  INFO 14544 --- [resource-infra-service] [restartedMain] com.netflix.discovery.DiscoveryClient    : Single vip registry refresh property : null
2026-05-13T09:49:40.279+05:30  INFO 14544 --- [resource-infra-service] [restartedMain] com.netflix.discovery.DiscoveryClient    : Force full registry fetch : false
2026-05-13T09:49:40.279+05:30  INFO 14544 --- [resource-infra-service] [restartedMain] com.netflix.discovery.DiscoveryClient    : Application is null : false
2026-05-13T09:49:40.279+05:30  INFO 14544 --- [resource-infra-service] [restartedMain] com.netflix.discovery.DiscoveryClient    : Registered Applications size is zero : true
2026-05-13T09:49:40.279+05:30  INFO 14544 --- [resource-infra-service] [restartedMain] com.netflix.discovery.DiscoveryClient    : Application version is -1: true
2026-05-13T09:49:40.279+05:30  INFO 14544 --- [resource-infra-service] [restartedMain] com.netflix.discovery.DiscoveryClient    : Getting all instance registry info from the eureka server
2026-05-13T09:49:40.301+05:30  INFO 14544 --- [resource-infra-service] [restartedMain] com.netflix.discovery.DiscoveryClient    : The response status is 200
2026-05-13T09:49:40.301+05:30  INFO 14544 --- [resource-infra-service] [restartedMain] com.netflix.discovery.DiscoveryClient    : Starting heartbeat executor: renew interval is: 30
2026-05-13T09:49:40.302+05:30  INFO 14544 --- [resource-infra-service] [restartedMain] c.n.discovery.InstanceInfoReplicator     : InstanceInfoReplicator onDemand update allowed rate per min is 4
2026-05-13T09:49:40.302+05:30  INFO 14544 --- [resource-infra-service] [restartedMain] com.netflix.discovery.DiscoveryClient    : Discovery Client initialized at timestamp 1778645980302 with initial instances count: 10
2026-05-13T09:49:40.314+05:30  INFO 14544 --- [resource-infra-service] [restartedMain] o.s.c.n.e.s.EurekaServiceRegistry        : Registering application RESOURCE-INFRA-SERVICE with eureka with status UP
2026-05-13T09:49:40.315+05:30  INFO 14544 --- [resource-infra-service] [restartedMain] com.netflix.discovery.DiscoveryClient    : Saw local status change event StatusChangeEvent [timestamp=1778645980315, current=UP, previous=STARTING]
2026-05-13T09:49:40.315+05:30  INFO 14544 --- [resource-infra-service] [DiscoveryClient-InstanceInfoReplicator-%d] com.netflix.discovery.DiscoveryClient    : DiscoveryClient_RESOURCE-INFRA-SERVICE/LTIN703242.cts.com:resource-infra-service:8082: registering service...
2026-05-13T09:49:40.321+05:30  INFO 14544 --- [resource-infra-service] [restartedMain] o.s.boot.tomcat.TomcatWebServer          : Tomcat started on port 8082 (http) with context path '/'
2026-05-13T09:49:40.322+05:30  INFO 14544 --- [resource-infra-service] [restartedMain] .s.c.n.e.s.EurekaAutoServiceRegistration : Updating port to 8082
2026-05-13T09:49:40.328+05:30  INFO 14544 --- [resource-infra-service] [DiscoveryClient-InstanceInfoReplicator-%d] com.netflix.discovery.DiscoveryClient    : DiscoveryClient_RESOURCE-INFRA-SERVICE/LTIN703242.cts.com:resource-infra-service:8082 - registration status: 204
2026-05-13T09:49:40.337+05:30  INFO 14544 --- [resource-infra-service] [restartedMain] c.e.d.ResourceInfraServiceApplication    : Started ResourceInfraServiceApplication in 3.905 seconds (process running for 4881.097)
2026-05-13T09:49:40.339+05:30  INFO 14544 --- [resource-infra-service] [restartedMain] .ConditionEvaluationDeltaLoggingListener : Condition evaluation unchanged
2026-05-13T09:50:30.679+05:30  INFO 14544 --- [resource-infra-service] [http-nio-8082-exec-1] o.a.c.c.C.[Tomcat].[localhost].[/]       : Initializing Spring DispatcherServlet 'dispatcherServlet'
2026-05-13T09:50:30.679+05:30  INFO 14544 --- [resource-infra-service] [http-nio-8082-exec-1] o.s.web.servlet.DispatcherServlet        : Initializing Servlet 'dispatcherServlet'
2026-05-13T09:50:30.681+05:30  INFO 14544 --- [resource-infra-service] [http-nio-8082-exec-1] o.s.web.servlet.DispatcherServlet        : Completed initialization in 2 ms
2026-05-13T09:50:30.698+05:30  INFO 14544 --- [resource-infra-service] [http-nio-8082-exec-1] c.e.d.c.InfrastructureController         : REST request to add infrastructure: SolarPlant for Project ID: 1
2026-05-13T09:50:30.701+05:30  INFO 14544 --- [resource-infra-service] [http-nio-8082-exec-1] c.e.d.service.InfrastructureServiceImpl  : Adding new infrastructure for Project ID: 1
2026-05-13T09:50:30.777+05:30  WARN 14544 --- [resource-infra-service] [http-nio-8082-exec-1] .m.m.a.ExceptionHandlerExceptionResolver : Resolved [jakarta.servlet.ServletException: Handler dispatch failed: java.lang.NoClassDefFoundError: org/springframework/security/core/context/SecurityContextHolder]
2026-05-13T09:51:16.918+05:30  INFO 14544 --- [resource-infra-service] [RMI TCP Connection(120)-127.0.0.1] inMXBeanRegistrar$SpringApplicationAdmin : Application shutdown requested.
2026-05-13T09:51:16.919+05:30  INFO 14544 --- [resource-infra-service] [RMI TCP Connection(120)-127.0.0.1] o.s.c.n.e.s.EurekaServiceRegistry        : Unregistering application RESOURCE-INFRA-SERVICE with eureka with status DOWN
2026-05-13T09:51:16.919+05:30  INFO 14544 --- [resource-infra-service] [RMI TCP Connection(120)-127.0.0.1] com.netflix.discovery.DiscoveryClient    : Saw local status change event StatusChangeEvent [timestamp=1778646076919, current=DOWN, previous=UP]
2026-05-13T09:51:16.919+05:30  INFO 14544 --- [resource-infra-service] [DiscoveryClient-InstanceInfoReplicator-%d] com.netflix.discovery.DiscoveryClient    : DiscoveryClient_RESOURCE-INFRA-SERVICE/LTIN703242.cts.com:resource-infra-service:8082: registering service...
2026-05-13T09:51:16.920+05:30  INFO 14544 --- [resource-infra-service] [RMI TCP Connection(120)-127.0.0.1] o.s.boot.tomcat.GracefulShutdown         : Commencing graceful shutdown. Waiting for active requests to complete
2026-05-13T09:51:16.925+05:30  INFO 14544 --- [resource-infra-service] [tomcat-shutdown] o.s.boot.tomcat.GracefulShutdown         : Graceful shutdown complete
2026-05-13T09:51:16.928+05:30  INFO 14544 --- [resource-infra-service] [RMI TCP Connection(120)-127.0.0.1] j.LocalContainerEntityManagerFactoryBean : Closing JPA EntityManagerFactory for persistence unit 'default'
2026-05-13T09:51:16.929+05:30  INFO 14544 --- [resource-infra-service] [RMI TCP Connection(120)-127.0.0.1] com.zaxxer.hikari.HikariDataSource       : HikariPool-14 - Shutdown initiated...
2026-05-13T09:51:16.931+05:30  INFO 14544 --- [resource-infra-service] [RMI TCP Connection(120)-127.0.0.1] com.zaxxer.hikari.HikariDataSource       : HikariPool-14 - Shutdown completed.
2026-05-13T09:51:16.932+05:30  INFO 14544 --- [resource-infra-service] [RMI TCP Connection(120)-127.0.0.1] com.netflix.discovery.DiscoveryClient    : Shutting down DiscoveryClient ...
2026-05-13T09:51:16.936+05:30  INFO 14544 --- [resource-infra-service] [DiscoveryClient-InstanceInfoReplicator-%d] com.netflix.discovery.DiscoveryClient    : DiscoveryClient_RESOURCE-INFRA-SERVICE/LTIN703242.cts.com:resource-infra-service:8082 - registration status: 204
2026-05-13T09:51:16.936+05:30  INFO 14544 --- [resource-infra-service] [RMI TCP Connection(120)-127.0.0.1] com.netflix.discovery.DiscoveryClient    : Unregistering ...
2026-05-13T09:51:16.937+05:30  INFO 14544 --- [resource-infra-service] [RMI TCP Connection(120)-127.0.0.1] com.netflix.discovery.DiscoveryClient    : DiscoveryClient_RESOURCE-INFRA-SERVICE/LTIN703242.cts.com:resource-infra-service:8082 - deregister  status: 200
2026-05-13T09:51:16.938+05:30  INFO 14544 --- [resource-infra-service] [RMI TCP Connection(120)-127.0.0.1] com.netflix.discovery.DiscoveryClient    : Completed shut down of DiscoveryClient
2026-05-13T09:51:41.538+05:30  INFO 42532 --- [resource-infra-service] [restartedMain] c.e.d.ResourceInfraServiceApplication    : Starting ResourceInfraServiceApplication using Java 21.0.8 with PID 42532 (C:\Users\2481450\OneDrive - Cognizant\Desktop\green-gov-microservice\resource-infra-service\target\classes started by 2481450 in C:\Users\2481450\OneDrive - Cognizant\Desktop\green-gov-microservice\resource-infra-service)
2026-05-13T09:51:41.542+05:30  INFO 42532 --- [resource-infra-service] [restartedMain] c.e.d.ResourceInfraServiceApplication    : No active profile set, falling back to 1 default profile: "default"
2026-05-13T09:51:41.600+05:30  INFO 42532 --- [resource-infra-service] [restartedMain] o.s.c.c.c.ConfigServerConfigDataLoader   : Fetching config from server at : http://localhost:8711
2026-05-13T09:51:41.600+05:30  INFO 42532 --- [resource-infra-service] [restartedMain] o.s.c.c.c.ConfigServerConfigDataLoader   : Located environment: name=resource-infra-service, profiles=[default], label=null, version=cce02294c53cbe23bacad52895bb56ea0cfeeb6e, state=
2026-05-13T09:51:41.604+05:30  INFO 42532 --- [resource-infra-service] [restartedMain] .e.DevToolsPropertyDefaultsPostProcessor : Devtools property defaults active! Set 'spring.devtools.add-properties' to 'false' to disable
2026-05-13T09:51:41.605+05:30  INFO 42532 --- [resource-infra-service] [restartedMain] .e.DevToolsPropertyDefaultsPostProcessor : For additional web related logging consider setting the 'logging.level.web' property to 'DEBUG'
2026-05-13T09:51:42.982+05:30  INFO 42532 --- [resource-infra-service] [restartedMain] .s.d.r.c.RepositoryConfigurationDelegate : Bootstrapping Spring Data JPA repositories in DEFAULT mode.
2026-05-13T09:51:43.205+05:30  INFO 42532 --- [resource-infra-service] [restartedMain] .s.d.r.c.RepositoryConfigurationDelegate : Finished Spring Data repository scanning in 210 ms. Found 2 JPA repository interfaces.
2026-05-13T09:51:43.795+05:30  INFO 42532 --- [resource-infra-service] [restartedMain] o.s.cloud.context.scope.GenericScope     : BeanFactory id=94e6a2c5-34e8-3c61-8432-7675d3e618f2
2026-05-13T09:51:44.660+05:30  INFO 42532 --- [resource-infra-service] [restartedMain] o.s.boot.tomcat.TomcatWebServer          : Tomcat initialized with port 8082 (http)
2026-05-13T09:51:44.674+05:30  INFO 42532 --- [resource-infra-service] [restartedMain] o.apache.catalina.core.StandardService   : Starting service [Tomcat]
2026-05-13T09:51:44.675+05:30  INFO 42532 --- [resource-infra-service] [restartedMain] o.apache.catalina.core.StandardEngine    : Starting Servlet engine: [Apache Tomcat/11.0.20]
2026-05-13T09:51:44.750+05:30  INFO 42532 --- [resource-infra-service] [restartedMain] b.w.c.s.WebApplicationContextInitializer : Root WebApplicationContext: initialization completed in 3145 ms
2026-05-13T09:51:45.283+05:30  INFO 42532 --- [resource-infra-service] [restartedMain] org.hibernate.orm.jpa                    : HHH008540: Processing PersistenceUnitInfo [name: default]
2026-05-13T09:51:45.375+05:30  INFO 42532 --- [resource-infra-service] [restartedMain] org.hibernate.orm.core                   : HHH000001: Hibernate ORM core version 7.2.7.Final
2026-05-13T09:51:45.994+05:30  INFO 42532 --- [resource-infra-service] [restartedMain] o.s.o.j.p.SpringPersistenceUnitInfo      : No LoadTimeWeaver setup: ignoring JPA class transformer
2026-05-13T09:51:46.064+05:30  INFO 42532 --- [resource-infra-service] [restartedMain] com.zaxxer.hikari.HikariDataSource       : HikariPool-1 - Starting...
2026-05-13T09:51:46.362+05:30  INFO 42532 --- [resource-infra-service] [restartedMain] com.zaxxer.hikari.pool.HikariPool        : HikariPool-1 - Added connection com.mysql.cj.jdbc.ConnectionImpl@7410db5b
2026-05-13T09:51:46.365+05:30  INFO 42532 --- [resource-infra-service] [restartedMain] com.zaxxer.hikari.HikariDataSource       : HikariPool-1 - Start completed.
2026-05-13T09:51:46.439+05:30  WARN 42532 --- [resource-infra-service] [restartedMain] org.hibernate.orm.deprecation            : HHH90000025: MySQLDialect does not need to be specified explicitly using 'hibernate.dialect' (remove the property setting and it will be selected by default)
2026-05-13T09:51:46.466+05:30  INFO 42532 --- [resource-infra-service] [restartedMain] org.hibernate.orm.connections.pooling    : HHH10001005: Database info:
	Database JDBC URL [jdbc:mysql://localhost:3306/GreenGov_Microservice?createDatabaseIfNotExist=true]
	Database driver: MySQL Connector/J
	Database dialect: MySQLDialect
	Database version: 8.0.44
	Default catalog/schema: GreenGov_Microservice/undefined
	Autocommit mode: undefined/unknown
	Isolation level: REPEATABLE_READ [default REPEATABLE_READ]
	JDBC fetch size: none
	Pool: DataSourceConnectionProvider
	Minimum pool size: undefined/unknown
	Maximum pool size: undefined/unknown
2026-05-13T09:51:47.433+05:30  INFO 42532 --- [resource-infra-service] [restartedMain] org.hibernate.orm.core                   : HHH000489: No JTA platform available (set 'hibernate.transaction.jta.platform' to enable JTA platform integration)
2026-05-13T09:51:47.508+05:30  INFO 42532 --- [resource-infra-service] [restartedMain] j.LocalContainerEntityManagerFactoryBean : Initialized JPA EntityManagerFactory for persistence unit 'default'
2026-05-13T09:51:47.660+05:30  INFO 42532 --- [resource-infra-service] [restartedMain] o.s.d.j.r.query.QueryEnhancerFactories   : Hibernate is in classpath; If applicable, HQL parser will be used.
2026-05-13T09:51:47.988+05:30  WARN 42532 --- [resource-infra-service] [restartedMain] JpaBaseConfiguration$JpaWebConfiguration : spring.jpa.open-in-view is enabled by default. Therefore, database queries may be performed during view rendering. Explicitly configure spring.jpa.open-in-view to disable this warning
2026-05-13T09:51:48.162+05:30  INFO 42532 --- [resource-infra-service] [restartedMain] o.s.c.openfeign.FeignClientFactoryBean   : For 'SUSTAINABILITYPROJECTSERVICE' URL not provided. Will try picking an instance via load-balancing.
2026-05-13T09:51:48.332+05:30  INFO 42532 --- [resource-infra-service] [restartedMain] o.s.c.openfeign.FeignClientFactoryBean   : For 'NOTIFICATIONS-SERVICE' URL not provided. Will try picking an instance via load-balancing.
2026-05-13T09:51:49.524+05:30  WARN 42532 --- [resource-infra-service] [restartedMain] .s.a.UserDetailsServiceAutoConfiguration : 

Using generated security password: dd8f8323-86f8-4e23-9464-85c326217855

This generated password is for development use only. Your security configuration must be updated before running your application in production.

2026-05-13T09:51:49.585+05:30  INFO 42532 --- [resource-infra-service] [restartedMain] r$InitializeUserDetailsManagerConfigurer : Global AuthenticationManager configured with UserDetailsService bean with name inMemoryUserDetailsManager
2026-05-13T09:51:49.796+05:30  INFO 42532 --- [resource-infra-service] [restartedMain] o.s.b.a.e.web.EndpointLinksResolver      : Exposing 1 endpoint beneath base path '/actuator'
2026-05-13T09:51:50.225+05:30  INFO 42532 --- [resource-infra-service] [restartedMain] DiscoveryClientOptionalArgsConfiguration : Eureka HTTP Client uses RestClient.
2026-05-13T09:51:50.308+05:30  WARN 42532 --- [resource-infra-service] [restartedMain] iguration$LoadBalancerCaffeineWarnLogger : Spring Cloud LoadBalancer is currently working with the default cache. While this cache implementation is useful for development and tests, it's recommended to use Caffeine cache in production.You can switch to using Caffeine cache, by adding it and org.springframework.cache.caffeine.CaffeineCacheManager to the classpath.
2026-05-13T09:51:50.409+05:30  INFO 42532 --- [resource-infra-service] [restartedMain] o.s.c.n.eureka.InstanceInfoFactory       : Setting initial instance status as: STARTING
2026-05-13T09:51:50.433+05:30  INFO 42532 --- [resource-infra-service] [restartedMain] com.netflix.discovery.DiscoveryClient    : Initializing Eureka in region us-east-1
2026-05-13T09:51:50.442+05:30  INFO 42532 --- [resource-infra-service] [restartedMain] c.n.d.s.r.aws.ConfigClusterResolver      : Resolving eureka endpoints via configuration
2026-05-13T09:51:50.452+05:30  INFO 42532 --- [resource-infra-service] [restartedMain] com.netflix.discovery.DiscoveryClient    : Disable delta property : false
2026-05-13T09:51:50.452+05:30  INFO 42532 --- [resource-infra-service] [restartedMain] com.netflix.discovery.DiscoveryClient    : Single vip registry refresh property : null
2026-05-13T09:51:50.452+05:30  INFO 42532 --- [resource-infra-service] [restartedMain] com.netflix.discovery.DiscoveryClient    : Force full registry fetch : false
2026-05-13T09:51:50.452+05:30  INFO 42532 --- [resource-infra-service] [restartedMain] com.netflix.discovery.DiscoveryClient    : Application is null : false
2026-05-13T09:51:50.452+05:30  INFO 42532 --- [resource-infra-service] [restartedMain] com.netflix.discovery.DiscoveryClient    : Registered Applications size is zero : true
2026-05-13T09:51:50.452+05:30  INFO 42532 --- [resource-infra-service] [restartedMain] com.netflix.discovery.DiscoveryClient    : Application version is -1: true
2026-05-13T09:51:50.452+05:30  INFO 42532 --- [resource-infra-service] [restartedMain] com.netflix.discovery.DiscoveryClient    : Getting all instance registry info from the eureka server
2026-05-13T09:51:50.806+05:30  INFO 42532 --- [resource-infra-service] [restartedMain] com.netflix.discovery.DiscoveryClient    : The response status is 200
2026-05-13T09:51:50.809+05:30  INFO 42532 --- [resource-infra-service] [restartedMain] com.netflix.discovery.DiscoveryClient    : Starting heartbeat executor: renew interval is: 30
2026-05-13T09:51:50.812+05:30  INFO 42532 --- [resource-infra-service] [restartedMain] c.n.discovery.InstanceInfoReplicator     : InstanceInfoReplicator onDemand update allowed rate per min is 4
2026-05-13T09:51:50.814+05:30  INFO 42532 --- [resource-infra-service] [restartedMain] com.netflix.discovery.DiscoveryClient    : Discovery Client initialized at timestamp 1778646110813 with initial instances count: 9
2026-05-13T09:51:50.823+05:30  INFO 42532 --- [resource-infra-service] [restartedMain] o.s.c.n.e.s.EurekaServiceRegistry        : Registering application RESOURCE-INFRA-SERVICE with eureka with status UP
2026-05-13T09:51:50.824+05:30  INFO 42532 --- [resource-infra-service] [restartedMain] com.netflix.discovery.DiscoveryClient    : Saw local status change event StatusChangeEvent [timestamp=1778646110824, current=UP, previous=STARTING]
2026-05-13T09:51:50.826+05:30  INFO 42532 --- [resource-infra-service] [DiscoveryClient-InstanceInfoReplicator-%d] com.netflix.discovery.DiscoveryClient    : DiscoveryClient_RESOURCE-INFRA-SERVICE/LTIN703242.cts.com:resource-infra-service:8082: registering service...
2026-05-13T09:51:50.850+05:30  INFO 42532 --- [resource-infra-service] [restartedMain] o.s.boot.tomcat.TomcatWebServer          : Tomcat started on port 8082 (http) with context path '/'
2026-05-13T09:51:50.850+05:30  INFO 42532 --- [resource-infra-service] [restartedMain] .s.c.n.e.s.EurekaAutoServiceRegistration : Updating port to 8082
2026-05-13T09:51:50.864+05:30  INFO 42532 --- [resource-infra-service] [DiscoveryClient-InstanceInfoReplicator-%d] com.netflix.discovery.DiscoveryClient    : DiscoveryClient_RESOURCE-INFRA-SERVICE/LTIN703242.cts.com:resource-infra-service:8082 - registration status: 204
2026-05-13T09:51:50.867+05:30  INFO 42532 --- [resource-infra-service] [restartedMain] c.e.d.ResourceInfraServiceApplication    : Started ResourceInfraServiceApplication in 11.093 seconds (process running for 12.137)
2026-05-13T09:51:51.294+05:30  INFO 42532 --- [resource-infra-service] [RMI TCP Connection(9)-127.0.0.1] o.a.c.c.C.[Tomcat].[localhost].[/]       : Initializing Spring DispatcherServlet 'dispatcherServlet'
2026-05-13T09:51:51.294+05:30  INFO 42532 --- [resource-infra-service] [RMI TCP Connection(9)-127.0.0.1] o.s.web.servlet.DispatcherServlet        : Initializing Servlet 'dispatcherServlet'
2026-05-13T09:51:51.296+05:30  INFO 42532 --- [resource-infra-service] [RMI TCP Connection(9)-127.0.0.1] o.s.web.servlet.DispatcherServlet        : Completed initialization in 2 ms
2026-05-13T09:55:27.167+05:30  WARN 42532 --- [resource-infra-service] [http-nio-8082-exec-2] o.s.w.s.h.HandlerMappingIntrospector     : Cache miss for REQUEST dispatch to '/api/infrastructure/create' (previous null). Performing CorsConfiguration lookup. This is logged once only at WARN level, and every time at TRACE.
2026-05-13T09:56:50.466+05:30  INFO 42532 --- [resource-infra-service] [AsyncResolver-bootstrap-executor-%d] c.n.d.s.r.aws.ConfigClusterResolver      : Resolving eureka endpoints via configuration
2026-05-13T10:01:18.603+05:30  INFO 42532 --- [resource-infra-service] [File Watcher] rtingClassPathChangeChangedEventListener : Restarting due to 34 class path changes (0 additions, 0 deletions, 34 modifications)
2026-05-13T10:01:18.605+05:30  INFO 42532 --- [resource-infra-service] [Thread-1] o.s.c.n.e.s.EurekaServiceRegistry        : Unregistering application RESOURCE-INFRA-SERVICE with eureka with status DOWN
2026-05-13T10:01:18.605+05:30  INFO 42532 --- [resource-infra-service] [Thread-1] com.netflix.discovery.DiscoveryClient    : Saw local status change event StatusChangeEvent [timestamp=1778646678605, current=DOWN, previous=UP]
2026-05-13T10:01:18.605+05:30  INFO 42532 --- [resource-infra-service] [DiscoveryClient-InstanceInfoReplicator-%d] com.netflix.discovery.DiscoveryClient    : DiscoveryClient_RESOURCE-INFRA-SERVICE/LTIN703242.cts.com:resource-infra-service:8082: registering service...
2026-05-13T10:01:18.607+05:30  INFO 42532 --- [resource-infra-service] [Thread-1] o.s.boot.tomcat.GracefulShutdown         : Commencing graceful shutdown. Waiting for active requests to complete
2026-05-13T10:01:18.614+05:30  INFO 42532 --- [resource-infra-service] [tomcat-shutdown] o.s.boot.tomcat.GracefulShutdown         : Graceful shutdown complete
2026-05-13T10:01:18.617+05:30  INFO 42532 --- [resource-infra-service] [DiscoveryClient-InstanceInfoReplicator-%d] com.netflix.discovery.DiscoveryClient    : DiscoveryClient_RESOURCE-INFRA-SERVICE/LTIN703242.cts.com:resource-infra-service:8082 - registration status: 204
2026-05-13T10:01:18.639+05:30  INFO 42532 --- [resource-infra-service] [Thread-1] j.LocalContainerEntityManagerFactoryBean : Closing JPA EntityManagerFactory for persistence unit 'default'
2026-05-13T10:01:18.646+05:30  INFO 42532 --- [resource-infra-service] [Thread-1] com.zaxxer.hikari.HikariDataSource       : HikariPool-1 - Shutdown initiated...
2026-05-13T10:01:18.667+05:30  INFO 42532 --- [resource-infra-service] [Thread-1] com.zaxxer.hikari.HikariDataSource       : HikariPool-1 - Shutdown completed.
2026-05-13T10:01:18.669+05:30  INFO 42532 --- [resource-infra-service] [Thread-1] com.netflix.discovery.DiscoveryClient    : Shutting down DiscoveryClient ...
2026-05-13T10:01:21.675+05:30  INFO 42532 --- [resource-infra-service] [Thread-1] com.netflix.discovery.DiscoveryClient    : Unregistering ...
2026-05-13T10:01:21.675+05:30  WARN 42532 --- [resource-infra-service] [DiscoveryClient-%d] c.netflix.discovery.TimedSupervisorTask  : task supervisor shutting down, can't accept the task
2026-05-13T10:01:21.680+05:30  INFO 42532 --- [resource-infra-service] [Thread-1] com.netflix.discovery.DiscoveryClient    : DiscoveryClient_RESOURCE-INFRA-SERVICE/LTIN703242.cts.com:resource-infra-service:8082 - deregister  status: 200
2026-05-13T10:01:21.680+05:30  INFO 42532 --- [resource-infra-service] [Thread-1] com.netflix.discovery.DiscoveryClient    : Completed shut down of DiscoveryClient
