2026-05-09 22:41:25.260  INFO 29444 --- [restartedMain] .c.g.p.GreengovProfileServiceApplication : Starting GreengovProfileServiceApplication using Java 21.0.8 with PID 29444 (C:\24-04-2026  Project\greengov-profile-service\target\classes started by 2481374 in C:\24-04-2026  Project\greengov-profile-service)
2026-05-09 22:41:25.260 DEBUG 29444 --- [restartedMain] .c.g.p.GreengovProfileServiceApplication : Running with Spring Boot v4.0.5, Spring v7.0.6
2026-05-09 22:41:25.260  INFO 29444 --- [restartedMain] .c.g.p.GreengovProfileServiceApplication : No active profile set, falling back to 1 default profile: "default"
2026-05-09 22:41:25.262  INFO 29444 --- [restartedMain] o.s.c.c.c.ConfigServerConfigDataLoader   : Fetching config from server at : http://localhost:8711
2026-05-09 22:41:25.262  INFO 29444 --- [restartedMain] o.s.c.c.c.ConfigServerConfigDataLoader   : Located environment: name=greengov-profile-service, profiles=[default], label=null, version=7a74294ba56aa309208460475986a999fc3f7cd0, state=
2026-05-09 22:41:25.495  INFO 29444 --- [restartedMain] .s.d.r.c.RepositoryConfigurationDelegate : Bootstrapping Spring Data JPA repositories in DEFAULT mode.
2026-05-09 22:41:25.506  INFO 29444 --- [restartedMain] .s.d.r.c.RepositoryConfigurationDelegate : Finished Spring Data repository scanning in 9 ms. Found 2 JPA repository interfaces.
2026-05-09 22:41:25.562  INFO 29444 --- [restartedMain] o.s.cloud.context.scope.GenericScope     : BeanFactory id=935b8af3-8a5d-3247-8b45-c01f7fd1256b
2026-05-09 22:41:25.708  INFO 29444 --- [restartedMain] o.s.boot.tomcat.TomcatWebServer          : Tomcat initialized with port 9056 (http)
2026-05-09 22:41:25.710  INFO 29444 --- [restartedMain] o.apache.catalina.core.StandardService   : Starting service [Tomcat]
2026-05-09 22:41:25.710  INFO 29444 --- [restartedMain] o.apache.catalina.core.StandardEngine    : Starting Servlet engine: [Apache Tomcat/11.0.20]
2026-05-09 22:41:25.741  INFO 29444 --- [restartedMain] b.w.c.s.WebApplicationContextInitializer : Root WebApplicationContext: initialization completed in 479 ms
2026-05-09 22:41:25.880  INFO 29444 --- [restartedMain] org.hibernate.orm.jpa                    : HHH008540: Processing PersistenceUnitInfo [name: default]
2026-05-09 22:41:25.899  INFO 29444 --- [restartedMain] o.s.o.j.p.SpringPersistenceUnitInfo      : No LoadTimeWeaver setup: ignoring JPA class transformer
2026-05-09 22:41:25.899  INFO 29444 --- [restartedMain] com.zaxxer.hikari.HikariDataSource       : HikariPool-12 - Starting...
2026-05-09 22:41:25.916  INFO 29444 --- [restartedMain] com.zaxxer.hikari.pool.HikariPool        : HikariPool-12 - Added connection com.mysql.cj.jdbc.ConnectionImpl@1cd24c5d
2026-05-09 22:41:25.917  INFO 29444 --- [restartedMain] com.zaxxer.hikari.HikariDataSource       : HikariPool-12 - Start completed.
2026-05-09 22:41:25.918  WARN 29444 --- [restartedMain] org.hibernate.orm.deprecation            : HHH90000025: MySQLDialect does not need to be specified explicitly using 'hibernate.dialect' (remove the property setting and it will be selected by default)
2026-05-09 22:41:25.919  INFO 29444 --- [restartedMain] org.hibernate.orm.connections.pooling    : HHH10001005: Database info:
	Database JDBC URL [jdbc:mysql://localhost:3306/greengov_finalDB?createDatabaseIfNotExist=true]
	Database driver: MySQL Connector/J
	Database dialect: MySQLDialect
	Database version: 8.0.44
	Default catalog/schema: greengov_finalDB/undefined
	Autocommit mode: undefined/unknown
	Isolation level: REPEATABLE_READ [default REPEATABLE_READ]
	JDBC fetch size: none
	Pool: DataSourceConnectionProvider
	Minimum pool size: undefined/unknown
	Maximum pool size: undefined/unknown
2026-05-09 22:41:25.958  INFO 29444 --- [restartedMain] org.hibernate.orm.core                   : HHH000489: No JTA platform available (set 'hibernate.transaction.jta.platform' to enable JTA platform integration)
2026-05-09 22:41:25.973 DEBUG 29444 --- [restartedMain] org.hibernate.SQL                        : alter table documents modify column verification_status enum ('PENDING','REJECTED','VERIFIED')
2026-05-09 22:41:25.996 DEBUG 29444 --- [restartedMain] org.hibernate.SQL                        : alter table participant_profiles modify column entity_type enum ('BUSINESS_OWNER','CITIZEN') not null
2026-05-09 22:41:26.007 DEBUG 29444 --- [restartedMain] org.hibernate.SQL                        : alter table participant_profiles modify column status enum ('PENDING','REJECTED','VERIFIED') not null
2026-05-09 22:41:26.028  INFO 29444 --- [restartedMain] j.LocalContainerEntityManagerFactoryBean : Initialized JPA EntityManagerFactory for persistence unit 'default'
2026-05-09 22:41:26.227  WARN 29444 --- [restartedMain] JpaBaseConfiguration$JpaWebConfiguration : spring.jpa.open-in-view is enabled by default. Therefore, database queries may be performed during view rendering. Explicitly configure spring.jpa.open-in-view to disable this warning
2026-05-09 22:41:26.325  INFO 29444 --- [restartedMain] o.s.c.openfeign.FeignClientFactoryBean   : For 'AUTH-SERVICE' URL not provided. Will try picking an instance via load-balancing.
2026-05-09 22:41:27.054  INFO 29444 --- [restartedMain] DiscoveryClientOptionalArgsConfiguration : Eureka HTTP Client uses RestClient.
2026-05-09 22:41:27.099  WARN 29444 --- [restartedMain] iguration$LoadBalancerCaffeineWarnLogger : Spring Cloud LoadBalancer is currently working with the default cache. While this cache implementation is useful for development and tests, it's recommended to use Caffeine cache in production.You can switch to using Caffeine cache, by adding it and org.springframework.cache.caffeine.CaffeineCacheManager to the classpath.
2026-05-09 22:41:27.127  INFO 29444 --- [restartedMain] o.s.c.n.eureka.InstanceInfoFactory       : Setting initial instance status as: STARTING
2026-05-09 22:41:27.130  INFO 29444 --- [restartedMain] com.netflix.discovery.DiscoveryClient    : Initializing Eureka in region us-east-1
2026-05-09 22:41:27.130  INFO 29444 --- [restartedMain] c.n.d.s.r.aws.ConfigClusterResolver      : Resolving eureka endpoints via configuration
2026-05-09 22:41:27.131  INFO 29444 --- [restartedMain] com.netflix.discovery.DiscoveryClient    : Disable delta property : false
2026-05-09 22:41:27.131  INFO 29444 --- [restartedMain] com.netflix.discovery.DiscoveryClient    : Single vip registry refresh property : null
2026-05-09 22:41:27.131  INFO 29444 --- [restartedMain] com.netflix.discovery.DiscoveryClient    : Force full registry fetch : false
2026-05-09 22:41:27.131  INFO 29444 --- [restartedMain] com.netflix.discovery.DiscoveryClient    : Application is null : false
2026-05-09 22:41:27.131  INFO 29444 --- [restartedMain] com.netflix.discovery.DiscoveryClient    : Registered Applications size is zero : true
2026-05-09 22:41:27.131  INFO 29444 --- [restartedMain] com.netflix.discovery.DiscoveryClient    : Application version is -1: true
2026-05-09 22:41:27.131  INFO 29444 --- [restartedMain] com.netflix.discovery.DiscoveryClient    : Getting all instance registry info from the eureka server
2026-05-09 22:41:27.146  INFO 29444 --- [restartedMain] com.netflix.discovery.DiscoveryClient    : The response status is 200
2026-05-09 22:41:27.146  INFO 29444 --- [restartedMain] com.netflix.discovery.DiscoveryClient    : Starting heartbeat executor: renew interval is: 30
2026-05-09 22:41:27.146  INFO 29444 --- [restartedMain] c.n.discovery.InstanceInfoReplicator     : InstanceInfoReplicator onDemand update allowed rate per min is 4
2026-05-09 22:41:27.147  INFO 29444 --- [restartedMain] com.netflix.discovery.DiscoveryClient    : Discovery Client initialized at timestamp 1778346687147 with initial instances count: 3
2026-05-09 22:41:27.155  INFO 29444 --- [restartedMain] o.s.c.n.e.s.EurekaServiceRegistry        : Registering application GREENGOV-PROFILE-SERVICE with eureka with status UP
2026-05-09 22:41:27.155  INFO 29444 --- [restartedMain] com.netflix.discovery.DiscoveryClient    : Saw local status change event StatusChangeEvent [timestamp=1778346687155, current=UP, previous=STARTING]
2026-05-09 22:41:27.155  INFO 29444 --- [DiscoveryClient-InstanceInfoReplicator-%d] com.netflix.discovery.DiscoveryClient    : DiscoveryClient_GREENGOV-PROFILE-SERVICE/LTIN718053.cts.com:greengov-profile-service:9056: registering service...
2026-05-09 22:41:27.161  INFO 29444 --- [restartedMain] o.s.boot.tomcat.TomcatWebServer          : Tomcat started on port 9056 (http) with context path '/'
2026-05-09 22:41:27.161  INFO 29444 --- [restartedMain] .s.c.n.e.s.EurekaAutoServiceRegistration : Updating port to 9056
2026-05-09 22:41:27.163  INFO 29444 --- [DiscoveryClient-InstanceInfoReplicator-%d] com.netflix.discovery.DiscoveryClient    : DiscoveryClient_GREENGOV-PROFILE-SERVICE/LTIN718053.cts.com:greengov-profile-service:9056 - registration status: 204
2026-05-09 22:41:27.175  INFO 29444 --- [restartedMain] .c.g.p.GreengovProfileServiceApplication : Started GreengovProfileServiceApplication in 2.854 seconds (process running for 5868.083)
2026-05-09 22:41:27.176  WARN 29444 --- [restartedMain] o.s.core.events.SpringDocAppInitializer  : SpringDoc /v3/api-docs endpoint is enabled by default. To disable it in production, set the property 'springdoc.api-docs.enabled=false'
2026-05-09 22:41:27.176  WARN 29444 --- [restartedMain] o.s.core.events.SpringDocAppInitializer  : SpringDoc /swagger-ui.html endpoint is enabled by default. To disable it in production, set the property 'springdoc.swagger-ui.enabled=false'
2026-05-09 22:41:27.177  INFO 29444 --- [restartedMain] .ConditionEvaluationDeltaLoggingListener : Condition evaluation unchanged
2026-05-09 22:41:47.190  INFO 29444 --- [File Watcher] rtingClassPathChangeChangedEventListener : Restarting due to 1 class path change (0 additions, 0 deletions, 1 modification)
2026-05-09 22:41:47.190  INFO 29444 --- [Thread-67] o.s.c.n.e.s.EurekaServiceRegistry        : Unregistering application GREENGOV-PROFILE-SERVICE with eureka with status DOWN
2026-05-09 22:41:47.197  INFO 29444 --- [Thread-67] com.netflix.discovery.DiscoveryClient    : Saw local status change event StatusChangeEvent [timestamp=1778346707197, current=DOWN, previous=UP]
2026-05-09 22:41:47.197  INFO 29444 --- [DiscoveryClient-InstanceInfoReplicator-%d] com.netflix.discovery.DiscoveryClient    : DiscoveryClient_GREENGOV-PROFILE-SERVICE/LTIN718053.cts.com:greengov-profile-service:9056: registering service...
2026-05-09 22:41:47.199  INFO 29444 --- [Thread-67] o.s.boot.tomcat.GracefulShutdown         : Commencing graceful shutdown. Waiting for active requests to complete
2026-05-09 22:41:47.208  INFO 29444 --- [DiscoveryClient-InstanceInfoReplicator-%d] com.netflix.discovery.DiscoveryClient    : DiscoveryClient_GREENGOV-PROFILE-SERVICE/LTIN718053.cts.com:greengov-profile-service:9056 - registration status: 204
2026-05-09 22:41:47.236  INFO 29444 --- [tomcat-shutdown] o.s.boot.tomcat.GracefulShutdown         : Graceful shutdown complete
2026-05-09 22:41:47.246  INFO 29444 --- [Thread-67] j.LocalContainerEntityManagerFactoryBean : Closing JPA EntityManagerFactory for persistence unit 'default'
2026-05-09 22:41:47.246  INFO 29444 --- [Thread-67] com.zaxxer.hikari.HikariDataSource       : HikariPool-12 - Shutdown initiated...
2026-05-09 22:41:47.261  INFO 29444 --- [Thread-67] com.zaxxer.hikari.HikariDataSource       : HikariPool-12 - Shutdown completed.
2026-05-09 22:41:47.265  INFO 29444 --- [Thread-67] com.netflix.discovery.DiscoveryClient    : Shutting down DiscoveryClient ...
2026-05-09 22:41:50.272  INFO 29444 --- [Thread-67] com.netflix.discovery.DiscoveryClient    : Unregistering ...
2026-05-09 22:41:50.287  INFO 29444 --- [Thread-67] com.netflix.discovery.DiscoveryClient    : DiscoveryClient_GREENGOV-PROFILE-SERVICE/LTIN718053.cts.com:greengov-profile-service:9056 - deregister  status: 200
2026-05-09 22:41:50.287  INFO 29444 --- [Thread-67] com.netflix.discovery.DiscoveryClient    : Completed shut down of DiscoveryClient
2026-05-09 22:41:51.574  INFO 29444 --- [restartedMain] .c.g.p.GreengovProfileServiceApplication : Starting GreengovProfileServiceApplication using Java 21.0.8 with PID 29444 (C:\24-04-2026  Project\greengov-profile-service\target\classes started by 2481374 in C:\24-04-2026  Project\greengov-profile-service)
2026-05-09 22:41:51.575 DEBUG 29444 --- [restartedMain] .c.g.p.GreengovProfileServiceApplication : Running with Spring Boot v4.0.5, Spring v7.0.6
2026-05-09 22:41:51.575  INFO 29444 --- [restartedMain] .c.g.p.GreengovProfileServiceApplication : No active profile set, falling back to 1 default profile: "default"
2026-05-09 22:41:51.579  INFO 29444 --- [restartedMain] o.s.c.c.c.ConfigServerConfigDataLoader   : Fetching config from server at : http://localhost:8711
2026-05-09 22:41:51.581  INFO 29444 --- [restartedMain] o.s.c.c.c.ConfigServerConfigDataLoader   : Located environment: name=greengov-profile-service, profiles=[default], label=null, version=7a74294ba56aa309208460475986a999fc3f7cd0, state=
2026-05-09 22:41:52.578  INFO 29444 --- [restartedMain] .s.d.r.c.RepositoryConfigurationDelegate : Bootstrapping Spring Data JPA repositories in DEFAULT mode.
2026-05-09 22:41:52.635  INFO 29444 --- [restartedMain] .s.d.r.c.RepositoryConfigurationDelegate : Finished Spring Data repository scanning in 50 ms. Found 2 JPA repository interfaces.
2026-05-09 22:41:52.922  INFO 29444 --- [restartedMain] o.s.cloud.context.scope.GenericScope     : BeanFactory id=935b8af3-8a5d-3247-8b45-c01f7fd1256b
2026-05-09 22:41:53.704  INFO 29444 --- [restartedMain] o.s.boot.tomcat.TomcatWebServer          : Tomcat initialized with port 9056 (http)
2026-05-09 22:41:53.704  INFO 29444 --- [restartedMain] o.apache.catalina.core.StandardService   : Starting service [Tomcat]
2026-05-09 22:41:53.706  INFO 29444 --- [restartedMain] o.apache.catalina.core.StandardEngine    : Starting Servlet engine: [Apache Tomcat/11.0.20]
2026-05-09 22:41:53.873  INFO 29444 --- [restartedMain] b.w.c.s.WebApplicationContextInitializer : Root WebApplicationContext: initialization completed in 2292 ms
2026-05-09 22:41:54.335  INFO 29444 --- [restartedMain] org.hibernate.orm.jpa                    : HHH008540: Processing PersistenceUnitInfo [name: default]
2026-05-09 22:41:54.432  INFO 29444 --- [restartedMain] o.s.o.j.p.SpringPersistenceUnitInfo      : No LoadTimeWeaver setup: ignoring JPA class transformer
2026-05-09 22:41:54.432  INFO 29444 --- [restartedMain] com.zaxxer.hikari.HikariDataSource       : HikariPool-13 - Starting...
2026-05-09 22:41:54.471  INFO 29444 --- [restartedMain] com.zaxxer.hikari.pool.HikariPool        : HikariPool-13 - Added connection com.mysql.cj.jdbc.ConnectionImpl@4717a4d2
2026-05-09 22:41:54.471  INFO 29444 --- [restartedMain] com.zaxxer.hikari.HikariDataSource       : HikariPool-13 - Start completed.
2026-05-09 22:41:54.479  WARN 29444 --- [restartedMain] org.hibernate.orm.deprecation            : HHH90000025: MySQLDialect does not need to be specified explicitly using 'hibernate.dialect' (remove the property setting and it will be selected by default)
2026-05-09 22:41:54.481  INFO 29444 --- [restartedMain] org.hibernate.orm.connections.pooling    : HHH10001005: Database info:
	Database JDBC URL [jdbc:mysql://localhost:3306/greengov_finalDB?createDatabaseIfNotExist=true]
	Database driver: MySQL Connector/J
	Database dialect: MySQLDialect
	Database version: 8.0.44
	Default catalog/schema: greengov_finalDB/undefined
	Autocommit mode: undefined/unknown
	Isolation level: REPEATABLE_READ [default REPEATABLE_READ]
	JDBC fetch size: none
	Pool: DataSourceConnectionProvider
	Minimum pool size: undefined/unknown
	Maximum pool size: undefined/unknown
2026-05-09 22:41:54.654  INFO 29444 --- [restartedMain] org.hibernate.orm.core                   : HHH000489: No JTA platform available (set 'hibernate.transaction.jta.platform' to enable JTA platform integration)
2026-05-09 22:41:54.680 DEBUG 29444 --- [restartedMain] org.hibernate.SQL                        : alter table documents modify column verification_status enum ('PENDING','REJECTED','VERIFIED')
2026-05-09 22:41:54.706 DEBUG 29444 --- [restartedMain] org.hibernate.SQL                        : alter table participant_profiles modify column entity_type enum ('BUSINESS_OWNER','CITIZEN') not null
2026-05-09 22:41:54.716 DEBUG 29444 --- [restartedMain] org.hibernate.SQL                        : alter table participant_profiles modify column status enum ('PENDING','REJECTED','VERIFIED') not null
2026-05-09 22:41:54.758  INFO 29444 --- [restartedMain] j.LocalContainerEntityManagerFactoryBean : Initialized JPA EntityManagerFactory for persistence unit 'default'
2026-05-09 22:41:55.638  WARN 29444 --- [restartedMain] JpaBaseConfiguration$JpaWebConfiguration : spring.jpa.open-in-view is enabled by default. Therefore, database queries may be performed during view rendering. Explicitly configure spring.jpa.open-in-view to disable this warning
2026-05-09 22:41:56.049  INFO 29444 --- [restartedMain] o.s.c.openfeign.FeignClientFactoryBean   : For 'AUTH-SERVICE' URL not provided. Will try picking an instance via load-balancing.
2026-05-09 22:41:56.827  INFO 29444 --- [restartedMain] DiscoveryClientOptionalArgsConfiguration : Eureka HTTP Client uses RestClient.
2026-05-09 22:41:56.876  WARN 29444 --- [restartedMain] iguration$LoadBalancerCaffeineWarnLogger : Spring Cloud LoadBalancer is currently working with the default cache. While this cache implementation is useful for development and tests, it's recommended to use Caffeine cache in production.You can switch to using Caffeine cache, by adding it and org.springframework.cache.caffeine.CaffeineCacheManager to the classpath.
2026-05-09 22:41:56.906  INFO 29444 --- [restartedMain] o.s.c.n.eureka.InstanceInfoFactory       : Setting initial instance status as: STARTING
2026-05-09 22:41:56.909  INFO 29444 --- [restartedMain] com.netflix.discovery.DiscoveryClient    : Initializing Eureka in region us-east-1
2026-05-09 22:41:56.910  INFO 29444 --- [restartedMain] c.n.d.s.r.aws.ConfigClusterResolver      : Resolving eureka endpoints via configuration
2026-05-09 22:41:56.910  INFO 29444 --- [restartedMain] com.netflix.discovery.DiscoveryClient    : Disable delta property : false
2026-05-09 22:41:56.910  INFO 29444 --- [restartedMain] com.netflix.discovery.DiscoveryClient    : Single vip registry refresh property : null
2026-05-09 22:41:56.910  INFO 29444 --- [restartedMain] com.netflix.discovery.DiscoveryClient    : Force full registry fetch : false
2026-05-09 22:41:56.910  INFO 29444 --- [restartedMain] com.netflix.discovery.DiscoveryClient    : Application is null : false
2026-05-09 22:41:56.910  INFO 29444 --- [restartedMain] com.netflix.discovery.DiscoveryClient    : Registered Applications size is zero : true
2026-05-09 22:41:56.910  INFO 29444 --- [restartedMain] com.netflix.discovery.DiscoveryClient    : Application version is -1: true
2026-05-09 22:41:56.910  INFO 29444 --- [restartedMain] com.netflix.discovery.DiscoveryClient    : Getting all instance registry info from the eureka server
2026-05-09 22:41:56.935  INFO 29444 --- [restartedMain] com.netflix.discovery.DiscoveryClient    : The response status is 200
2026-05-09 22:41:56.936  INFO 29444 --- [restartedMain] com.netflix.discovery.DiscoveryClient    : Starting heartbeat executor: renew interval is: 30
2026-05-09 22:41:56.936  INFO 29444 --- [restartedMain] c.n.discovery.InstanceInfoReplicator     : InstanceInfoReplicator onDemand update allowed rate per min is 4
2026-05-09 22:41:56.936  INFO 29444 --- [restartedMain] com.netflix.discovery.DiscoveryClient    : Discovery Client initialized at timestamp 1778346716936 with initial instances count: 3
2026-05-09 22:41:56.960  INFO 29444 --- [restartedMain] o.s.c.n.e.s.EurekaServiceRegistry        : Registering application GREENGOV-PROFILE-SERVICE with eureka with status UP
2026-05-09 22:41:56.960  INFO 29444 --- [restartedMain] com.netflix.discovery.DiscoveryClient    : Saw local status change event StatusChangeEvent [timestamp=1778346716960, current=UP, previous=STARTING]
2026-05-09 22:41:56.961  INFO 29444 --- [DiscoveryClient-InstanceInfoReplicator-%d] com.netflix.discovery.DiscoveryClient    : DiscoveryClient_GREENGOV-PROFILE-SERVICE/LTIN718053.cts.com:greengov-profile-service:9056: registering service...
2026-05-09 22:41:56.967  INFO 29444 --- [restartedMain] o.s.boot.tomcat.TomcatWebServer          : Tomcat started on port 9056 (http) with context path '/'
2026-05-09 22:41:56.967  INFO 29444 --- [restartedMain] .s.c.n.e.s.EurekaAutoServiceRegistration : Updating port to 9056
2026-05-09 22:41:56.973  INFO 29444 --- [DiscoveryClient-InstanceInfoReplicator-%d] com.netflix.discovery.DiscoveryClient    : DiscoveryClient_GREENGOV-PROFILE-SERVICE/LTIN718053.cts.com:greengov-profile-service:9056 - registration status: 204
2026-05-09 22:41:56.979  INFO 29444 --- [restartedMain] .c.g.p.GreengovProfileServiceApplication : Started GreengovProfileServiceApplication in 6.492 seconds (process running for 5897.887)
2026-05-09 22:41:56.980  WARN 29444 --- [restartedMain] o.s.core.events.SpringDocAppInitializer  : SpringDoc /v3/api-docs endpoint is enabled by default. To disable it in production, set the property 'springdoc.api-docs.enabled=false'
2026-05-09 22:41:56.980  WARN 29444 --- [restartedMain] o.s.core.events.SpringDocAppInitializer  : SpringDoc /swagger-ui.html endpoint is enabled by default. To disable it in production, set the property 'springdoc.swagger-ui.enabled=false'
2026-05-09 22:41:56.981  INFO 29444 --- [restartedMain] .ConditionEvaluationDeltaLoggingListener : Condition evaluation unchanged
2026-05-09 22:42:13.547  INFO 29444 --- [File Watcher] rtingClassPathChangeChangedEventListener : Restarting due to 1 class path change (0 additions, 0 deletions, 1 modification)
2026-05-09 22:42:13.548  INFO 29444 --- [Thread-73] o.s.c.n.e.s.EurekaServiceRegistry        : Unregistering application GREENGOV-PROFILE-SERVICE with eureka with status DOWN
2026-05-09 22:42:13.548  INFO 29444 --- [Thread-73] com.netflix.discovery.DiscoveryClient    : Saw local status change event StatusChangeEvent [timestamp=1778346733548, current=DOWN, previous=UP]
2026-05-09 22:42:13.548  INFO 29444 --- [DiscoveryClient-InstanceInfoReplicator-%d] com.netflix.discovery.DiscoveryClient    : DiscoveryClient_GREENGOV-PROFILE-SERVICE/LTIN718053.cts.com:greengov-profile-service:9056: registering service...
2026-05-09 22:42:13.550  INFO 29444 --- [Thread-73] o.s.boot.tomcat.GracefulShutdown         : Commencing graceful shutdown. Waiting for active requests to complete
2026-05-09 22:42:13.558  INFO 29444 --- [tomcat-shutdown] o.s.boot.tomcat.GracefulShutdown         : Graceful shutdown complete
2026-05-09 22:42:13.562  INFO 29444 --- [Thread-73] j.LocalContainerEntityManagerFactoryBean : Closing JPA EntityManagerFactory for persistence unit 'default'
2026-05-09 22:42:13.563  INFO 29444 --- [Thread-73] com.zaxxer.hikari.HikariDataSource       : HikariPool-13 - Shutdown initiated...
2026-05-09 22:42:13.565  INFO 29444 --- [DiscoveryClient-InstanceInfoReplicator-%d] com.netflix.discovery.DiscoveryClient    : DiscoveryClient_GREENGOV-PROFILE-SERVICE/LTIN718053.cts.com:greengov-profile-service:9056 - registration status: 204
2026-05-09 22:42:13.567  INFO 29444 --- [Thread-73] com.zaxxer.hikari.HikariDataSource       : HikariPool-13 - Shutdown completed.
2026-05-09 22:42:13.569  INFO 29444 --- [Thread-73] com.netflix.discovery.DiscoveryClient    : Shutting down DiscoveryClient ...
2026-05-09 22:42:16.570  INFO 29444 --- [Thread-73] com.netflix.discovery.DiscoveryClient    : Unregistering ...
2026-05-09 22:42:16.586  INFO 29444 --- [Thread-73] com.netflix.discovery.DiscoveryClient    : DiscoveryClient_GREENGOV-PROFILE-SERVICE/LTIN718053.cts.com:greengov-profile-service:9056 - deregister  status: 200
2026-05-09 22:42:16.586  INFO 29444 --- [Thread-73] com.netflix.discovery.DiscoveryClient    : Completed shut down of DiscoveryClient
2026-05-09 22:42:17.481  INFO 29444 --- [restartedMain] .c.g.p.GreengovProfileServiceApplication : Starting GreengovProfileServiceApplication using Java 21.0.8 with PID 29444 (C:\24-04-2026  Project\greengov-profile-service\target\classes started by 2481374 in C:\24-04-2026  Project\greengov-profile-service)
2026-05-09 22:42:17.482 DEBUG 29444 --- [restartedMain] .c.g.p.GreengovProfileServiceApplication : Running with Spring Boot v4.0.5, Spring v7.0.6
2026-05-09 22:42:17.482  INFO 29444 --- [restartedMain] .c.g.p.GreengovProfileServiceApplication : No active profile set, falling back to 1 default profile: "default"
2026-05-09 22:42:17.483  INFO 29444 --- [restartedMain] o.s.c.c.c.ConfigServerConfigDataLoader   : Fetching config from server at : http://localhost:8711
2026-05-09 22:42:17.483  INFO 29444 --- [restartedMain] o.s.c.c.c.ConfigServerConfigDataLoader   : Located environment: name=greengov-profile-service, profiles=[default], label=null, version=7a74294ba56aa309208460475986a999fc3f7cd0, state=
2026-05-09 22:42:17.707  INFO 29444 --- [restartedMain] .s.d.r.c.RepositoryConfigurationDelegate : Bootstrapping Spring Data JPA repositories in DEFAULT mode.
2026-05-09 22:42:17.722  INFO 29444 --- [restartedMain] .s.d.r.c.RepositoryConfigurationDelegate : Finished Spring Data repository scanning in 12 ms. Found 2 JPA repository interfaces.
2026-05-09 22:42:17.792  INFO 29444 --- [restartedMain] o.s.cloud.context.scope.GenericScope     : BeanFactory id=935b8af3-8a5d-3247-8b45-c01f7fd1256b
2026-05-09 22:42:17.944  INFO 29444 --- [restartedMain] o.s.boot.tomcat.TomcatWebServer          : Tomcat initialized with port 9056 (http)
2026-05-09 22:42:17.945  INFO 29444 --- [restartedMain] o.apache.catalina.core.StandardService   : Starting service [Tomcat]
2026-05-09 22:42:17.945  INFO 29444 --- [restartedMain] o.apache.catalina.core.StandardEngine    : Starting Servlet engine: [Apache Tomcat/11.0.20]
2026-05-09 22:42:17.981  INFO 29444 --- [restartedMain] b.w.c.s.WebApplicationContextInitializer : Root WebApplicationContext: initialization completed in 497 ms
2026-05-09 22:42:18.119  INFO 29444 --- [restartedMain] org.hibernate.orm.jpa                    : HHH008540: Processing PersistenceUnitInfo [name: default]
2026-05-09 22:42:18.137  INFO 29444 --- [restartedMain] o.s.o.j.p.SpringPersistenceUnitInfo      : No LoadTimeWeaver setup: ignoring JPA class transformer
2026-05-09 22:42:18.137  INFO 29444 --- [restartedMain] com.zaxxer.hikari.HikariDataSource       : HikariPool-14 - Starting...
2026-05-09 22:42:18.148  INFO 29444 --- [restartedMain] com.zaxxer.hikari.pool.HikariPool        : HikariPool-14 - Added connection com.mysql.cj.jdbc.ConnectionImpl@6078f8dd
2026-05-09 22:42:18.148  INFO 29444 --- [restartedMain] com.zaxxer.hikari.HikariDataSource       : HikariPool-14 - Start completed.
2026-05-09 22:42:18.149  WARN 29444 --- [restartedMain] org.hibernate.orm.deprecation            : HHH90000025: MySQLDialect does not need to be specified explicitly using 'hibernate.dialect' (remove the property setting and it will be selected by default)
2026-05-09 22:42:18.149  INFO 29444 --- [restartedMain] org.hibernate.orm.connections.pooling    : HHH10001005: Database info:
	Database JDBC URL [jdbc:mysql://localhost:3306/greengov_finalDB?createDatabaseIfNotExist=true]
	Database driver: MySQL Connector/J
	Database dialect: MySQLDialect
	Database version: 8.0.44
	Default catalog/schema: greengov_finalDB/undefined
	Autocommit mode: undefined/unknown
	Isolation level: REPEATABLE_READ [default REPEATABLE_READ]
	JDBC fetch size: none
	Pool: DataSourceConnectionProvider
	Minimum pool size: undefined/unknown
	Maximum pool size: undefined/unknown
2026-05-09 22:42:18.184  INFO 29444 --- [restartedMain] org.hibernate.orm.core                   : HHH000489: No JTA platform available (set 'hibernate.transaction.jta.platform' to enable JTA platform integration)
2026-05-09 22:42:18.195 DEBUG 29444 --- [restartedMain] org.hibernate.SQL                        : alter table documents modify column verification_status enum ('PENDING','REJECTED','VERIFIED')
2026-05-09 22:42:18.206 DEBUG 29444 --- [restartedMain] org.hibernate.SQL                        : alter table participant_profiles modify column entity_type enum ('BUSINESS_OWNER','CITIZEN') not null
2026-05-09 22:42:18.220 DEBUG 29444 --- [restartedMain] org.hibernate.SQL                        : alter table participant_profiles modify column status enum ('PENDING','REJECTED','VERIFIED') not null
2026-05-09 22:42:18.240  INFO 29444 --- [restartedMain] j.LocalContainerEntityManagerFactoryBean : Initialized JPA EntityManagerFactory for persistence unit 'default'
2026-05-09 22:42:18.488  WARN 29444 --- [restartedMain] JpaBaseConfiguration$JpaWebConfiguration : spring.jpa.open-in-view is enabled by default. Therefore, database queries may be performed during view rendering. Explicitly configure spring.jpa.open-in-view to disable this warning
2026-05-09 22:42:18.607  INFO 29444 --- [restartedMain] o.s.c.openfeign.FeignClientFactoryBean   : For 'AUTH-SERVICE' URL not provided. Will try picking an instance via load-balancing.
2026-05-09 22:42:19.313  INFO 29444 --- [restartedMain] DiscoveryClientOptionalArgsConfiguration : Eureka HTTP Client uses RestClient.
2026-05-09 22:42:19.396  WARN 29444 --- [restartedMain] iguration$LoadBalancerCaffeineWarnLogger : Spring Cloud LoadBalancer is currently working with the default cache. While this cache implementation is useful for development and tests, it's recommended to use Caffeine cache in production.You can switch to using Caffeine cache, by adding it and org.springframework.cache.caffeine.CaffeineCacheManager to the classpath.
2026-05-09 22:42:19.425  INFO 29444 --- [restartedMain] o.s.c.n.eureka.InstanceInfoFactory       : Setting initial instance status as: STARTING
2026-05-09 22:42:19.428  INFO 29444 --- [restartedMain] com.netflix.discovery.DiscoveryClient    : Initializing Eureka in region us-east-1
2026-05-09 22:42:19.428  INFO 29444 --- [restartedMain] c.n.d.s.r.aws.ConfigClusterResolver      : Resolving eureka endpoints via configuration
2026-05-09 22:42:19.429  INFO 29444 --- [restartedMain] com.netflix.discovery.DiscoveryClient    : Disable delta property : false
2026-05-09 22:42:19.429  INFO 29444 --- [restartedMain] com.netflix.discovery.DiscoveryClient    : Single vip registry refresh property : null
2026-05-09 22:42:19.429  INFO 29444 --- [restartedMain] com.netflix.discovery.DiscoveryClient    : Force full registry fetch : false
2026-05-09 22:42:19.429  INFO 29444 --- [restartedMain] com.netflix.discovery.DiscoveryClient    : Application is null : false
2026-05-09 22:42:19.429  INFO 29444 --- [restartedMain] com.netflix.discovery.DiscoveryClient    : Registered Applications size is zero : true
2026-05-09 22:42:19.429  INFO 29444 --- [restartedMain] com.netflix.discovery.DiscoveryClient    : Application version is -1: true
2026-05-09 22:42:19.429  INFO 29444 --- [restartedMain] com.netflix.discovery.DiscoveryClient    : Getting all instance registry info from the eureka server
2026-05-09 22:42:19.444  INFO 29444 --- [restartedMain] com.netflix.discovery.DiscoveryClient    : The response status is 200
2026-05-09 22:42:19.444  INFO 29444 --- [restartedMain] com.netflix.discovery.DiscoveryClient    : Starting heartbeat executor: renew interval is: 30
2026-05-09 22:42:19.445  INFO 29444 --- [restartedMain] c.n.discovery.InstanceInfoReplicator     : InstanceInfoReplicator onDemand update allowed rate per min is 4
2026-05-09 22:42:19.445  INFO 29444 --- [restartedMain] com.netflix.discovery.DiscoveryClient    : Discovery Client initialized at timestamp 1778346739445 with initial instances count: 3
2026-05-09 22:42:19.454  INFO 29444 --- [restartedMain] o.s.c.n.e.s.EurekaServiceRegistry        : Registering application GREENGOV-PROFILE-SERVICE with eureka with status UP
2026-05-09 22:42:19.454  INFO 29444 --- [restartedMain] com.netflix.discovery.DiscoveryClient    : Saw local status change event StatusChangeEvent [timestamp=1778346739454, current=UP, previous=STARTING]
2026-05-09 22:42:19.456  INFO 29444 --- [DiscoveryClient-InstanceInfoReplicator-%d] com.netflix.discovery.DiscoveryClient    : DiscoveryClient_GREENGOV-PROFILE-SERVICE/LTIN718053.cts.com:greengov-profile-service:9056: registering service...
2026-05-09 22:42:19.458  INFO 29444 --- [restartedMain] o.s.boot.tomcat.TomcatWebServer          : Tomcat started on port 9056 (http) with context path '/'
2026-05-09 22:42:19.458  INFO 29444 --- [restartedMain] .s.c.n.e.s.EurekaAutoServiceRegistration : Updating port to 9056
2026-05-09 22:42:19.465  INFO 29444 --- [DiscoveryClient-InstanceInfoReplicator-%d] com.netflix.discovery.DiscoveryClient    : DiscoveryClient_GREENGOV-PROFILE-SERVICE/LTIN718053.cts.com:greengov-profile-service:9056 - registration status: 204
2026-05-09 22:42:19.470  INFO 29444 --- [restartedMain] .c.g.p.GreengovProfileServiceApplication : Started GreengovProfileServiceApplication in 2.795 seconds (process running for 5920.378)
2026-05-09 22:42:19.471  WARN 29444 --- [restartedMain] o.s.core.events.SpringDocAppInitializer  : SpringDoc /v3/api-docs endpoint is enabled by default. To disable it in production, set the property 'springdoc.api-docs.enabled=false'
2026-05-09 22:42:19.471  WARN 29444 --- [restartedMain] o.s.core.events.SpringDocAppInitializer  : SpringDoc /swagger-ui.html endpoint is enabled by default. To disable it in production, set the property 'springdoc.swagger-ui.enabled=false'
2026-05-09 22:42:19.471  INFO 29444 --- [restartedMain] .ConditionEvaluationDeltaLoggingListener : Condition evaluation unchanged
2026-05-09 22:44:03.648  INFO 29444 --- [http-nio-9056-exec-2] o.a.c.c.C.[Tomcat].[localhost].[/]       : Initializing Spring DispatcherServlet 'dispatcherServlet'
2026-05-09 22:44:03.648  INFO 29444 --- [http-nio-9056-exec-2] o.s.web.servlet.DispatcherServlet        : Initializing Servlet 'dispatcherServlet'
2026-05-09 22:44:03.652  INFO 29444 --- [http-nio-9056-exec-2] o.s.web.servlet.DispatcherServlet        : Completed initialization in 4 ms
2026-05-09 22:44:03.670  WARN 29444 --- [http-nio-9056-exec-2] .m.m.a.ExceptionHandlerExceptionResolver : Resolved [org.springframework.web.method.annotation.MethodArgumentTypeMismatchException: Method parameter 'userId': Failed to convert value of type 'java.lang.String' to required type 'java.lang.Long'; For input string: "undefined"]
2026-05-09 22:46:07.004  INFO 29444 --- [http-nio-9056-exec-3] c.c.g.p.c.ParticipantController          : Received request to register new participant for userId: 13
2026-05-09 22:46:07.010 DEBUG 29444 --- [http-nio-9056-exec-3] c.c.g.p.s.impl.ParticipantServiceImpl    : Executing registerParticipant logic for userId: 13
2026-05-09 22:46:07.016 DEBUG 29444 --- [http-nio-9056-exec-3] org.hibernate.SQL                        : insert into participant_profiles (address,contact_info,entity_type,legal_name,status,user_id) values (?,?,?,?,?,?)
2026-05-09 22:46:07.020  WARN 29444 --- [http-nio-9056-exec-3] org.hibernate.orm.jdbc.error             : HHH000247: ErrorCode: 3140, SQLState: 22001
2026-05-09 22:46:07.020  WARN 29444 --- [http-nio-9056-exec-3] org.hibernate.orm.jdbc.error             : Data truncation: Invalid JSON text: "Invalid value." at position 0 in value for column 'participant_profiles.contact_info'.
2026-05-09 22:46:07.026  WARN 29444 --- [http-nio-9056-exec-3] .m.m.a.ExceptionHandlerExceptionResolver : Resolved [org.springframework.dao.DataIntegrityViolationException: could not execute statement [Data truncation: Invalid JSON text: "Invalid value." at position 0 in value for column 'participant_profiles.contact_info'.] [insert into participant_profiles (address,contact_info,entity_type,legal_name,status,user_id) values (?,?,?,?,?,?)]; SQL [insert into participant_profiles (address,contact_info,entity_type,legal_name,status,user_id) values (?,?,?,?,?,?)]]
2026-05-09 22:46:23.642  INFO 29444 --- [http-nio-9056-exec-4] c.c.g.p.c.ParticipantController          : Received request to register new participant for userId: 13
2026-05-09 22:46:23.646 DEBUG 29444 --- [http-nio-9056-exec-4] c.c.g.p.s.impl.ParticipantServiceImpl    : Executing registerParticipant logic for userId: 13
2026-05-09 22:46:23.646 DEBUG 29444 --- [http-nio-9056-exec-4] org.hibernate.SQL                        : insert into participant_profiles (address,contact_info,entity_type,legal_name,status,user_id) values (?,?,?,?,?,?)
2026-05-09 22:46:23.742 DEBUG 29444 --- [http-nio-9056-exec-4] c.c.g.p.s.impl.ParticipantServiceImpl    : Participant profile saved to database successfully with ID: 5
2026-05-09 22:46:23.814  INFO 29444 --- [http-nio-9056-exec-4] c.c.g.p.c.ParticipantController          : Successfully registered participant with profile ID: 5
2026-05-09 22:46:52.067  INFO 29444 --- [http-nio-9056-exec-5] c.c.g.p.c.ParticipantController          : Received request to register new participant for userId: 14
2026-05-09 22:46:52.067 DEBUG 29444 --- [http-nio-9056-exec-5] c.c.g.p.s.impl.ParticipantServiceImpl    : Executing registerParticipant logic for userId: 14
2026-05-09 22:46:52.071 DEBUG 29444 --- [http-nio-9056-exec-5] org.hibernate.SQL                        : insert into participant_profiles (address,contact_info,entity_type,legal_name,status,user_id) values (?,?,?,?,?,?)
2026-05-09 22:46:52.075 DEBUG 29444 --- [http-nio-9056-exec-5] c.c.g.p.s.impl.ParticipantServiceImpl    : Participant profile saved to database successfully with ID: 6
2026-05-09 22:46:52.081  INFO 29444 --- [http-nio-9056-exec-5] c.c.g.p.c.ParticipantController          : Successfully registered participant with profile ID: 6
2026-05-09 22:47:19.440  INFO 29444 --- [AsyncResolver-bootstrap-executor-%d] c.n.d.s.r.aws.ConfigClusterResolver      : Resolving eureka endpoints via configuration
2026-05-09 22:47:29.829  INFO 29444 --- [http-nio-9056-exec-7] c.c.g.p.c.ParticipantController          : Received internal Feign request to fetch basic details for profile ID: 14
2026-05-09 22:47:29.829 DEBUG 29444 --- [http-nio-9056-exec-7] c.c.g.p.s.impl.ParticipantServiceImpl    : Fetching basic participant information for profile ID: 14
2026-05-09 22:47:29.846 DEBUG 29444 --- [http-nio-9056-exec-7] org.hibernate.SQL                        : select pp1_0.id,pp1_0.address,pp1_0.contact_info,pp1_0.entity_type,pp1_0.legal_name,pp1_0.status,pp1_0.user_id from participant_profiles pp1_0 where pp1_0.id=?
2026-05-09 22:47:29.857 ERROR 29444 --- [http-nio-9056-exec-7] c.c.g.p.s.impl.ParticipantServiceImpl    : Basic info retrieval failed. Profile not found with ID: 14
2026-05-09 22:47:29.862  WARN 29444 --- [http-nio-9056-exec-7] .m.m.a.ExceptionHandlerExceptionResolver : Resolved [com.cognizant.greengov.profile.exception.ResourceNotFoundException: Profile not found with ID: 14]
2026-05-09 22:47:41.597  INFO 29444 --- [http-nio-9056-exec-6] c.c.g.p.c.ParticipantController          : Received request to fetch participant details for user ID: 14
2026-05-09 22:47:41.597 DEBUG 29444 --- [http-nio-9056-exec-6] c.c.g.p.s.impl.ParticipantServiceImpl    : Fetching participant details from database for user ID: 14
2026-05-09 22:47:41.638 DEBUG 29444 --- [http-nio-9056-exec-6] org.hibernate.SQL                        : select pp1_0.id,pp1_0.address,pp1_0.contact_info,pp1_0.entity_type,pp1_0.legal_name,pp1_0.status,pp1_0.user_id from participant_profiles pp1_0 where pp1_0.user_id=?
2026-05-09 22:47:41.662 DEBUG 29444 --- [http-nio-9056-exec-6] org.hibernate.SQL                        : select d1_0.profile_id,d1_0.id,d1_0.document_type,d1_0.file_url,d1_0.verification_status from documents d1_0 where d1_0.profile_id=?
2026-05-09 22:48:34.936  INFO 29444 --- [http-nio-9056-exec-8] c.c.g.p.c.ParticipantController          : Received request to fetch participant details for user ID: 14
2026-05-09 22:48:34.936 DEBUG 29444 --- [http-nio-9056-exec-8] c.c.g.p.s.impl.ParticipantServiceImpl    : Fetching participant details from database for user ID: 14
2026-05-09 22:48:34.940 DEBUG 29444 --- [http-nio-9056-exec-8] org.hibernate.SQL                        : select pp1_0.id,pp1_0.address,pp1_0.contact_info,pp1_0.entity_type,pp1_0.legal_name,pp1_0.status,pp1_0.user_id from participant_profiles pp1_0 where pp1_0.user_id=?
2026-05-09 22:48:34.944 DEBUG 29444 --- [http-nio-9056-exec-8] org.hibernate.SQL                        : select d1_0.profile_id,d1_0.id,d1_0.document_type,d1_0.file_url,d1_0.verification_status from documents d1_0 where d1_0.profile_id=?
2026-05-09 22:48:44.528  INFO 29444 --- [http-nio-9056-exec-9] c.c.g.p.c.ParticipantController          : Received internal Feign request to fetch basic details for profile ID: 6
2026-05-09 22:48:44.528 DEBUG 29444 --- [http-nio-9056-exec-9] c.c.g.p.s.impl.ParticipantServiceImpl    : Fetching basic participant information for profile ID: 6
2026-05-09 22:48:44.532 DEBUG 29444 --- [http-nio-9056-exec-9] org.hibernate.SQL                        : select pp1_0.id,pp1_0.address,pp1_0.contact_info,pp1_0.entity_type,pp1_0.legal_name,pp1_0.status,pp1_0.user_id from participant_profiles pp1_0 where pp1_0.id=?
2026-05-09 22:52:19.448  INFO 29444 --- [AsyncResolver-bootstrap-executor-%d] c.n.d.s.r.aws.ConfigClusterResolver      : Resolving eureka endpoints via configuration
2026-05-09 22:56:41.151  INFO 29444 --- [http-nio-9056-exec-10] c.c.g.p.c.ParticipantController          : Received request to fetch participant details for user ID: 14
2026-05-09 22:56:41.151 DEBUG 29444 --- [http-nio-9056-exec-10] c.c.g.p.s.impl.ParticipantServiceImpl    : Fetching participant details from database for user ID: 14
2026-05-09 22:56:41.152 DEBUG 29444 --- [http-nio-9056-exec-10] org.hibernate.SQL                        : select pp1_0.id,pp1_0.address,pp1_0.contact_info,pp1_0.entity_type,pp1_0.legal_name,pp1_0.status,pp1_0.user_id from participant_profiles pp1_0 where pp1_0.user_id=?
2026-05-09 22:56:41.158 DEBUG 29444 --- [http-nio-9056-exec-10] org.hibernate.SQL                        : select d1_0.profile_id,d1_0.id,d1_0.document_type,d1_0.file_url,d1_0.verification_status from documents d1_0 where d1_0.profile_id=?
2026-05-09 22:56:43.079  INFO 29444 --- [http-nio-9056-exec-2] c.c.g.p.c.ParticipantController          : Received request to fetch participant details for user ID: 14
2026-05-09 22:56:43.079 DEBUG 29444 --- [http-nio-9056-exec-2] c.c.g.p.s.impl.ParticipantServiceImpl    : Fetching participant details from database for user ID: 14
2026-05-09 22:56:43.081 DEBUG 29444 --- [http-nio-9056-exec-2] org.hibernate.SQL                        : select pp1_0.id,pp1_0.address,pp1_0.contact_info,pp1_0.entity_type,pp1_0.legal_name,pp1_0.status,pp1_0.user_id from participant_profiles pp1_0 where pp1_0.user_id=?
2026-05-09 22:56:43.083 DEBUG 29444 --- [http-nio-9056-exec-2] org.hibernate.SQL                        : select d1_0.profile_id,d1_0.id,d1_0.document_type,d1_0.file_url,d1_0.verification_status from documents d1_0 where d1_0.profile_id=?
2026-05-09 22:56:43.095  INFO 29444 --- [http-nio-9056-exec-3] c.c.g.p.c.ParticipantController          : Received request to fetch participant details for user ID: 14
2026-05-09 22:56:43.095 DEBUG 29444 --- [http-nio-9056-exec-3] c.c.g.p.s.impl.ParticipantServiceImpl    : Fetching participant details from database for user ID: 14
2026-05-09 22:56:43.102 DEBUG 29444 --- [http-nio-9056-exec-3] org.hibernate.SQL                        : select pp1_0.id,pp1_0.address,pp1_0.contact_info,pp1_0.entity_type,pp1_0.legal_name,pp1_0.status,pp1_0.user_id from participant_profiles pp1_0 where pp1_0.user_id=?
2026-05-09 22:56:43.106 DEBUG 29444 --- [http-nio-9056-exec-3] org.hibernate.SQL                        : select d1_0.profile_id,d1_0.id,d1_0.document_type,d1_0.file_url,d1_0.verification_status from documents d1_0 where d1_0.profile_id=?
2026-05-09 22:56:43.114  INFO 29444 --- [http-nio-9056-exec-4] c.c.g.p.c.ParticipantController          : Received request to fetch documents for profile ID: 6
2026-05-09 22:56:43.114 DEBUG 29444 --- [http-nio-9056-exec-4] c.c.g.p.s.impl.ParticipantServiceImpl    : Retrieving documents for profile ID: 6
2026-05-09 22:56:43.241 DEBUG 29444 --- [http-nio-9056-exec-4] org.hibernate.SQL                        : select count(*) from participant_profiles pp1_0 where pp1_0.id=?
2026-05-09 22:56:43.268 DEBUG 29444 --- [http-nio-9056-exec-4] org.hibernate.SQL                        : select d1_0.id,d1_0.document_type,d1_0.file_url,d1_0.profile_id,d1_0.verification_status from documents d1_0 where d1_0.profile_id=?
2026-05-09 22:56:43.270 DEBUG 29444 --- [http-nio-9056-exec-4] c.c.g.p.s.impl.ParticipantServiceImpl    : Retrieved 0 documents for profile ID: 6
2026-05-09 22:56:43.290  INFO 29444 --- [http-nio-9056-exec-5] c.c.g.p.c.ParticipantController          : Received request to fetch documents for profile ID: 6
2026-05-09 22:56:43.290 DEBUG 29444 --- [http-nio-9056-exec-5] c.c.g.p.s.impl.ParticipantServiceImpl    : Retrieving documents for profile ID: 6
2026-05-09 22:56:43.296 DEBUG 29444 --- [http-nio-9056-exec-5] org.hibernate.SQL                        : select count(*) from participant_profiles pp1_0 where pp1_0.id=?
2026-05-09 22:56:43.300 DEBUG 29444 --- [http-nio-9056-exec-5] org.hibernate.SQL                        : select d1_0.id,d1_0.document_type,d1_0.file_url,d1_0.profile_id,d1_0.verification_status from documents d1_0 where d1_0.profile_id=?
2026-05-09 22:56:43.302 DEBUG 29444 --- [http-nio-9056-exec-5] c.c.g.p.s.impl.ParticipantServiceImpl    : Retrieved 0 documents for profile ID: 6
2026-05-09 22:57:19.461  INFO 29444 --- [AsyncResolver-bootstrap-executor-%d] c.n.d.s.r.aws.ConfigClusterResolver      : Resolving eureka endpoints via configuration
2026-05-09 22:57:25.186  INFO 29444 --- [http-nio-9056-exec-7] c.c.g.p.c.ParticipantController          : Received request to upload document type ID_PROOF for profile ID: 6
2026-05-09 22:57:25.186 DEBUG 29444 --- [http-nio-9056-exec-7] c.c.g.p.s.impl.ParticipantServiceImpl    : Processing document upload for profile ID: 6
2026-05-09 22:57:25.186 DEBUG 29444 --- [http-nio-9056-exec-7] org.hibernate.SQL                        : select pp1_0.id,pp1_0.address,pp1_0.contact_info,pp1_0.entity_type,pp1_0.legal_name,pp1_0.status,pp1_0.user_id from participant_profiles pp1_0 where pp1_0.id=?
2026-05-09 22:57:25.206 DEBUG 29444 --- [http-nio-9056-exec-7] org.hibernate.SQL                        : insert into documents (document_type,file_url,profile_id,verification_status) values (?,?,?,?)
2026-05-09 22:57:25.230  WARN 29444 --- [http-nio-9056-exec-7] org.hibernate.orm.jdbc.error             : HHH000247: ErrorCode: 1406, SQLState: 22001
2026-05-09 22:57:25.230  WARN 29444 --- [http-nio-9056-exec-7] org.hibernate.orm.jdbc.error             : Data truncation: Data too long for column 'file_url' at row 1
2026-05-09 22:57:25.238  WARN 29444 --- [http-nio-9056-exec-7] .m.m.a.ExceptionHandlerExceptionResolver : Resolved [org.springframework.dao.DataIntegrityViolationException: could not execute statement [Data truncation: Data too long for column 'file_url' at row 1] [insert into documents (document_type,file_url,profile_id,verification_status) values (?,?,?,?)]; SQL [insert into documents (document_type,file_url,profile_id,verification_status) values (?,?,?,?)]]
2026-05-09 22:58:13.935  INFO 29444 --- [http-nio-9056-exec-6] c.c.g.p.c.ParticipantController          : Received request to fetch participant details for user ID: 15
2026-05-09 22:58:13.937 DEBUG 29444 --- [http-nio-9056-exec-6] c.c.g.p.s.impl.ParticipantServiceImpl    : Fetching participant details from database for user ID: 15
2026-05-09 22:58:13.939 DEBUG 29444 --- [http-nio-9056-exec-6] org.hibernate.SQL                        : select pp1_0.id,pp1_0.address,pp1_0.contact_info,pp1_0.entity_type,pp1_0.legal_name,pp1_0.status,pp1_0.user_id from participant_profiles pp1_0 where pp1_0.user_id=?
2026-05-09 22:58:13.945 ERROR 29444 --- [http-nio-9056-exec-6] c.c.g.p.s.impl.ParticipantServiceImpl    : Failed to find participant profile for User ID: 15
2026-05-09 22:58:13.951  WARN 29444 --- [http-nio-9056-exec-6] .m.m.a.ExceptionHandlerExceptionResolver : Resolved [com.cognizant.greengov.profile.exception.ResourceNotFoundException: Profile not found for User ID: 15]
2026-05-09 22:58:23.732  INFO 29444 --- [http-nio-9056-exec-8] c.c.g.p.c.ParticipantController          : Received request to fetch participant details for user ID: 15
2026-05-09 22:58:23.732 DEBUG 29444 --- [http-nio-9056-exec-8] c.c.g.p.s.impl.ParticipantServiceImpl    : Fetching participant details from database for user ID: 15
2026-05-09 22:58:23.732 DEBUG 29444 --- [http-nio-9056-exec-8] org.hibernate.SQL                        : select pp1_0.id,pp1_0.address,pp1_0.contact_info,pp1_0.entity_type,pp1_0.legal_name,pp1_0.status,pp1_0.user_id from participant_profiles pp1_0 where pp1_0.user_id=?
2026-05-09 22:58:23.732 ERROR 29444 --- [http-nio-9056-exec-8] c.c.g.p.s.impl.ParticipantServiceImpl    : Failed to find participant profile for User ID: 15
2026-05-09 22:58:23.732  WARN 29444 --- [http-nio-9056-exec-8] .m.m.a.ExceptionHandlerExceptionResolver : Resolved [com.cognizant.greengov.profile.exception.ResourceNotFoundException: Profile not found for User ID: 15]
2026-05-09 22:58:37.695  INFO 29444 --- [http-nio-9056-exec-9] c.c.g.p.c.ParticipantController          : Received request to fetch participant details for user ID: 15
2026-05-09 22:58:37.696 DEBUG 29444 --- [http-nio-9056-exec-9] c.c.g.p.s.impl.ParticipantServiceImpl    : Fetching participant details from database for user ID: 15
2026-05-09 22:58:37.697 DEBUG 29444 --- [http-nio-9056-exec-9] org.hibernate.SQL                        : select pp1_0.id,pp1_0.address,pp1_0.contact_info,pp1_0.entity_type,pp1_0.legal_name,pp1_0.status,pp1_0.user_id from participant_profiles pp1_0 where pp1_0.user_id=?
2026-05-09 22:58:37.702 ERROR 29444 --- [http-nio-9056-exec-9] c.c.g.p.s.impl.ParticipantServiceImpl    : Failed to find participant profile for User ID: 15
2026-05-09 22:58:37.704  WARN 29444 --- [http-nio-9056-exec-9] .m.m.a.ExceptionHandlerExceptionResolver : Resolved [com.cognizant.greengov.profile.exception.ResourceNotFoundException: Profile not found for User ID: 15]
2026-05-09 22:58:37.721  INFO 29444 --- [http-nio-9056-exec-1] c.c.g.p.c.ParticipantController          : Received request to fetch participant details for user ID: 15
2026-05-09 22:58:37.721 DEBUG 29444 --- [http-nio-9056-exec-1] c.c.g.p.s.impl.ParticipantServiceImpl    : Fetching participant details from database for user ID: 15
2026-05-09 22:58:37.721 DEBUG 29444 --- [http-nio-9056-exec-1] org.hibernate.SQL                        : select pp1_0.id,pp1_0.address,pp1_0.contact_info,pp1_0.entity_type,pp1_0.legal_name,pp1_0.status,pp1_0.user_id from participant_profiles pp1_0 where pp1_0.user_id=?
2026-05-09 22:58:37.723 ERROR 29444 --- [http-nio-9056-exec-1] c.c.g.p.s.impl.ParticipantServiceImpl    : Failed to find participant profile for User ID: 15
2026-05-09 22:58:37.725  WARN 29444 --- [http-nio-9056-exec-1] .m.m.a.ExceptionHandlerExceptionResolver : Resolved [com.cognizant.greengov.profile.exception.ResourceNotFoundException: Profile not found for User ID: 15]
2026-05-09 22:58:48.584  INFO 29444 --- [http-nio-9056-exec-10] c.c.g.p.c.ParticipantController          : Received request to fetch participant details for user ID: 15
2026-05-09 22:58:48.584 DEBUG 29444 --- [http-nio-9056-exec-10] c.c.g.p.s.impl.ParticipantServiceImpl    : Fetching participant details from database for user ID: 15
2026-05-09 22:58:48.585 DEBUG 29444 --- [http-nio-9056-exec-10] org.hibernate.SQL                        : select pp1_0.id,pp1_0.address,pp1_0.contact_info,pp1_0.entity_type,pp1_0.legal_name,pp1_0.status,pp1_0.user_id from participant_profiles pp1_0 where pp1_0.user_id=?
2026-05-09 22:58:48.589 ERROR 29444 --- [http-nio-9056-exec-10] c.c.g.p.s.impl.ParticipantServiceImpl    : Failed to find participant profile for User ID: 15
2026-05-09 22:58:48.593  WARN 29444 --- [http-nio-9056-exec-10] .m.m.a.ExceptionHandlerExceptionResolver : Resolved [com.cognizant.greengov.profile.exception.ResourceNotFoundException: Profile not found for User ID: 15]
2026-05-09 23:01:52.396  INFO 29444 --- [http-nio-9056-exec-3] c.c.g.p.c.ParticipantController          : Received request to register new participant for userId: 15
2026-05-09 23:01:52.398 DEBUG 29444 --- [http-nio-9056-exec-3] c.c.g.p.s.impl.ParticipantServiceImpl    : Executing registerParticipant logic for userId: 15
2026-05-09 23:01:52.398 DEBUG 29444 --- [http-nio-9056-exec-3] org.hibernate.SQL                        : insert into participant_profiles (address,contact_info,entity_type,legal_name,status,user_id) values (?,?,?,?,?,?)
2026-05-09 23:01:52.411 DEBUG 29444 --- [http-nio-9056-exec-3] c.c.g.p.s.impl.ParticipantServiceImpl    : Participant profile saved to database successfully with ID: 7
2026-05-09 23:01:52.414  INFO 29444 --- [http-nio-9056-exec-3] c.c.g.p.c.ParticipantController          : Successfully registered participant with profile ID: 7
2026-05-09 23:01:54.786  INFO 29444 --- [http-nio-9056-exec-4] c.c.g.p.c.ParticipantController          : Received request to fetch participant details for user ID: 15
2026-05-09 23:01:54.786 DEBUG 29444 --- [http-nio-9056-exec-4] c.c.g.p.s.impl.ParticipantServiceImpl    : Fetching participant details from database for user ID: 15
2026-05-09 23:01:54.789 DEBUG 29444 --- [http-nio-9056-exec-4] org.hibernate.SQL                        : select pp1_0.id,pp1_0.address,pp1_0.contact_info,pp1_0.entity_type,pp1_0.legal_name,pp1_0.status,pp1_0.user_id from participant_profiles pp1_0 where pp1_0.user_id=?
2026-05-09 23:01:54.796 DEBUG 29444 --- [http-nio-9056-exec-4] org.hibernate.SQL                        : select d1_0.profile_id,d1_0.id,d1_0.document_type,d1_0.file_url,d1_0.verification_status from documents d1_0 where d1_0.profile_id=?
2026-05-09 23:01:54.816  INFO 29444 --- [http-nio-9056-exec-5] c.c.g.p.c.ParticipantController          : Received request to fetch participant details for user ID: 15
2026-05-09 23:01:54.817 DEBUG 29444 --- [http-nio-9056-exec-5] c.c.g.p.s.impl.ParticipantServiceImpl    : Fetching participant details from database for user ID: 15
2026-05-09 23:01:54.817 DEBUG 29444 --- [http-nio-9056-exec-5] org.hibernate.SQL                        : select pp1_0.id,pp1_0.address,pp1_0.contact_info,pp1_0.entity_type,pp1_0.legal_name,pp1_0.status,pp1_0.user_id from participant_profiles pp1_0 where pp1_0.user_id=?
2026-05-09 23:01:54.822 DEBUG 29444 --- [http-nio-9056-exec-5] org.hibernate.SQL                        : select d1_0.profile_id,d1_0.id,d1_0.document_type,d1_0.file_url,d1_0.verification_status from documents d1_0 where d1_0.profile_id=?
2026-05-09 23:01:54.829  INFO 29444 --- [http-nio-9056-exec-7] c.c.g.p.c.ParticipantController          : Received request to fetch documents for profile ID: 7
2026-05-09 23:01:54.830 DEBUG 29444 --- [http-nio-9056-exec-7] c.c.g.p.s.impl.ParticipantServiceImpl    : Retrieving documents for profile ID: 7
2026-05-09 23:01:54.831 DEBUG 29444 --- [http-nio-9056-exec-7] org.hibernate.SQL                        : select count(*) from participant_profiles pp1_0 where pp1_0.id=?
2026-05-09 23:01:54.839 DEBUG 29444 --- [http-nio-9056-exec-7] org.hibernate.SQL                        : select d1_0.id,d1_0.document_type,d1_0.file_url,d1_0.profile_id,d1_0.verification_status from documents d1_0 where d1_0.profile_id=?
2026-05-09 23:01:54.844 DEBUG 29444 --- [http-nio-9056-exec-7] c.c.g.p.s.impl.ParticipantServiceImpl    : Retrieved 0 documents for profile ID: 7
2026-05-09 23:01:54.858  INFO 29444 --- [http-nio-9056-exec-6] c.c.g.p.c.ParticipantController          : Received request to fetch documents for profile ID: 7
2026-05-09 23:01:54.858 DEBUG 29444 --- [http-nio-9056-exec-6] c.c.g.p.s.impl.ParticipantServiceImpl    : Retrieving documents for profile ID: 7
2026-05-09 23:01:54.862 DEBUG 29444 --- [http-nio-9056-exec-6] org.hibernate.SQL                        : select count(*) from participant_profiles pp1_0 where pp1_0.id=?
2026-05-09 23:01:54.866 DEBUG 29444 --- [http-nio-9056-exec-6] org.hibernate.SQL                        : select d1_0.id,d1_0.document_type,d1_0.file_url,d1_0.profile_id,d1_0.verification_status from documents d1_0 where d1_0.profile_id=?
2026-05-09 23:01:54.866 DEBUG 29444 --- [http-nio-9056-exec-6] c.c.g.p.s.impl.ParticipantServiceImpl    : Retrieved 0 documents for profile ID: 7
2026-05-09 23:02:06.147  INFO 29444 --- [http-nio-9056-exec-8] c.c.g.p.c.ParticipantController          : Received request to upload document type ID_PROOF for profile ID: 7
2026-05-09 23:02:06.155 DEBUG 29444 --- [http-nio-9056-exec-8] c.c.g.p.s.impl.ParticipantServiceImpl    : Processing document upload for profile ID: 7
2026-05-09 23:02:06.157 DEBUG 29444 --- [http-nio-9056-exec-8] org.hibernate.SQL                        : select pp1_0.id,pp1_0.address,pp1_0.contact_info,pp1_0.entity_type,pp1_0.legal_name,pp1_0.status,pp1_0.user_id from participant_profiles pp1_0 where pp1_0.id=?
2026-05-09 23:02:06.163 DEBUG 29444 --- [http-nio-9056-exec-8] org.hibernate.SQL                        : insert into documents (document_type,file_url,profile_id,verification_status) values (?,?,?,?)
2026-05-09 23:02:06.180  WARN 29444 --- [http-nio-9056-exec-8] org.hibernate.orm.jdbc.error             : HHH000247: ErrorCode: 1406, SQLState: 22001
2026-05-09 23:02:06.180  WARN 29444 --- [http-nio-9056-exec-8] org.hibernate.orm.jdbc.error             : Data truncation: Data too long for column 'file_url' at row 1
2026-05-09 23:02:06.185  WARN 29444 --- [http-nio-9056-exec-8] .m.m.a.ExceptionHandlerExceptionResolver : Resolved [org.springframework.dao.DataIntegrityViolationException: could not execute statement [Data truncation: Data too long for column 'file_url' at row 1] [insert into documents (document_type,file_url,profile_id,verification_status) values (?,?,?,?)]; SQL [insert into documents (document_type,file_url,profile_id,verification_status) values (?,?,?,?)]]
2026-05-09 23:02:19.475  INFO 29444 --- [AsyncResolver-bootstrap-executor-%d] c.n.d.s.r.aws.ConfigClusterResolver      : Resolving eureka endpoints via configuration
2026-05-09 23:04:38.193  INFO 29444 --- [File Watcher] rtingClassPathChangeChangedEventListener : Restarting due to 5 class path changes (0 additions, 1 deletion, 4 modifications)
2026-05-09 23:04:38.217  INFO 29444 --- [Thread-79] o.s.c.n.e.s.EurekaServiceRegistry        : Unregistering application GREENGOV-PROFILE-SERVICE with eureka with status DOWN
2026-05-09 23:04:38.219  INFO 29444 --- [Thread-79] com.netflix.discovery.DiscoveryClient    : Saw local status change event StatusChangeEvent [timestamp=1778348078219, current=DOWN, previous=UP]
2026-05-09 23:04:38.220  INFO 29444 --- [DiscoveryClient-InstanceInfoReplicator-%d] com.netflix.discovery.DiscoveryClient    : DiscoveryClient_GREENGOV-PROFILE-SERVICE/LTIN718053.cts.com:greengov-profile-service:9056: registering service...
2026-05-09 23:04:38.228  INFO 29444 --- [Thread-79] o.s.boot.tomcat.GracefulShutdown         : Commencing graceful shutdown. Waiting for active requests to complete
2026-05-09 23:04:38.244  INFO 29444 --- [tomcat-shutdown] o.s.boot.tomcat.GracefulShutdown         : Graceful shutdown complete
2026-05-09 23:04:38.264  INFO 29444 --- [DiscoveryClient-InstanceInfoReplicator-%d] com.netflix.discovery.DiscoveryClient    : DiscoveryClient_GREENGOV-PROFILE-SERVICE/LTIN718053.cts.com:greengov-profile-service:9056 - registration status: 204
2026-05-09 23:04:38.288  INFO 29444 --- [Thread-79] j.LocalContainerEntityManagerFactoryBean : Closing JPA EntityManagerFactory for persistence unit 'default'
2026-05-09 23:04:38.300  INFO 29444 --- [Thread-79] com.zaxxer.hikari.HikariDataSource       : HikariPool-14 - Shutdown initiated...
2026-05-09 23:04:38.311  INFO 29444 --- [Thread-79] com.zaxxer.hikari.HikariDataSource       : HikariPool-14 - Shutdown completed.
2026-05-09 23:04:38.326  INFO 29444 --- [Thread-79] com.netflix.discovery.DiscoveryClient    : Shutting down DiscoveryClient ...
2026-05-09 23:04:41.337  INFO 29444 --- [Thread-79] com.netflix.discovery.DiscoveryClient    : Unregistering ...
2026-05-09 23:04:41.355  INFO 29444 --- [Thread-79] com.netflix.discovery.DiscoveryClient    : DiscoveryClient_GREENGOV-PROFILE-SERVICE/LTIN718053.cts.com:greengov-profile-service:9056 - deregister  status: 200
2026-05-09 23:04:41.355  INFO 29444 --- [Thread-79] com.netflix.discovery.DiscoveryClient    : Completed shut down of DiscoveryClient
2026-05-09 23:04:43.067  INFO 29444 --- [restartedMain] .c.g.p.GreengovProfileServiceApplication : Starting GreengovProfileServiceApplication using Java 21.0.8 with PID 29444 (C:\24-04-2026  Project\greengov-profile-service\target\classes started by 2481374 in C:\24-04-2026  Project\greengov-profile-service)
2026-05-09 23:04:43.067 DEBUG 29444 --- [restartedMain] .c.g.p.GreengovProfileServiceApplication : Running with Spring Boot v4.0.5, Spring v7.0.6
2026-05-09 23:04:43.067  INFO 29444 --- [restartedMain] .c.g.p.GreengovProfileServiceApplication : No active profile set, falling back to 1 default profile: "default"
2026-05-09 23:04:43.069  INFO 29444 --- [restartedMain] o.s.c.c.c.ConfigServerConfigDataLoader   : Fetching config from server at : http://localhost:8711
2026-05-09 23:04:43.069  INFO 29444 --- [restartedMain] o.s.c.c.c.ConfigServerConfigDataLoader   : Located environment: name=greengov-profile-service, profiles=[default], label=null, version=7a74294ba56aa309208460475986a999fc3f7cd0, state=
2026-05-09 23:04:43.343  INFO 29444 --- [restartedMain] .s.d.r.c.RepositoryConfigurationDelegate : Bootstrapping Spring Data JPA repositories in DEFAULT mode.
2026-05-09 23:04:43.356  INFO 29444 --- [restartedMain] .s.d.r.c.RepositoryConfigurationDelegate : Finished Spring Data repository scanning in 11 ms. Found 2 JPA repository interfaces.
2026-05-09 23:04:43.407  INFO 29444 --- [restartedMain] o.s.cloud.context.scope.GenericScope     : BeanFactory id=935b8af3-8a5d-3247-8b45-c01f7fd1256b
2026-05-09 23:04:43.598  INFO 29444 --- [restartedMain] o.s.boot.tomcat.TomcatWebServer          : Tomcat initialized with port 9056 (http)
2026-05-09 23:04:43.599  INFO 29444 --- [restartedMain] o.apache.catalina.core.StandardService   : Starting service [Tomcat]
2026-05-09 23:04:43.599  INFO 29444 --- [restartedMain] o.apache.catalina.core.StandardEngine    : Starting Servlet engine: [Apache Tomcat/11.0.20]
2026-05-09 23:04:43.661  INFO 29444 --- [restartedMain] b.w.c.s.WebApplicationContextInitializer : Root WebApplicationContext: initialization completed in 591 ms
2026-05-09 23:04:43.871  INFO 29444 --- [restartedMain] org.hibernate.orm.jpa                    : HHH008540: Processing PersistenceUnitInfo [name: default]
2026-05-09 23:04:43.895  INFO 29444 --- [restartedMain] o.s.o.j.p.SpringPersistenceUnitInfo      : No LoadTimeWeaver setup: ignoring JPA class transformer
2026-05-09 23:04:43.897  INFO 29444 --- [restartedMain] com.zaxxer.hikari.HikariDataSource       : HikariPool-15 - Starting...
2026-05-09 23:04:43.918  INFO 29444 --- [restartedMain] com.zaxxer.hikari.pool.HikariPool        : HikariPool-15 - Added connection com.mysql.cj.jdbc.ConnectionImpl@4f58ab21
2026-05-09 23:04:43.919  INFO 29444 --- [restartedMain] com.zaxxer.hikari.HikariDataSource       : HikariPool-15 - Start completed.
2026-05-09 23:04:43.921  WARN 29444 --- [restartedMain] org.hibernate.orm.deprecation            : HHH90000025: MySQLDialect does not need to be specified explicitly using 'hibernate.dialect' (remove the property setting and it will be selected by default)
2026-05-09 23:04:43.922  INFO 29444 --- [restartedMain] org.hibernate.orm.connections.pooling    : HHH10001005: Database info:
	Database JDBC URL [jdbc:mysql://localhost:3306/greengov_finalDB?createDatabaseIfNotExist=true]
	Database driver: MySQL Connector/J
	Database dialect: MySQLDialect
	Database version: 8.0.44
	Default catalog/schema: greengov_finalDB/undefined
	Autocommit mode: undefined/unknown
	Isolation level: REPEATABLE_READ [default REPEATABLE_READ]
	JDBC fetch size: none
	Pool: DataSourceConnectionProvider
	Minimum pool size: undefined/unknown
	Maximum pool size: undefined/unknown
2026-05-09 23:04:44.007  INFO 29444 --- [restartedMain] org.hibernate.orm.core                   : HHH000489: No JTA platform available (set 'hibernate.transaction.jta.platform' to enable JTA platform integration)
2026-05-09 23:04:44.035 DEBUG 29444 --- [restartedMain] org.hibernate.SQL                        : alter table documents modify column document_type varchar(50) not null
2026-05-09 23:04:44.139 DEBUG 29444 --- [restartedMain] org.hibernate.SQL                        : alter table documents add column uploaded_date datetime(6)
2026-05-09 23:04:44.159 DEBUG 29444 --- [restartedMain] org.hibernate.SQL                        : alter table documents modify column verification_status enum ('PENDING','REJECTED','VERIFIED') not null
2026-05-09 23:04:44.279 DEBUG 29444 --- [restartedMain] org.hibernate.SQL                        : alter table participant_profiles modify column entity_type enum ('BUSINESS_OWNER','CITIZEN') not null
2026-05-09 23:04:44.291 DEBUG 29444 --- [restartedMain] org.hibernate.SQL                        : alter table participant_profiles modify column status enum ('PENDING','REJECTED','VERIFIED') not null
2026-05-09 23:04:44.314  INFO 29444 --- [restartedMain] j.LocalContainerEntityManagerFactoryBean : Initialized JPA EntityManagerFactory for persistence unit 'default'
2026-05-09 23:04:44.561  WARN 29444 --- [restartedMain] JpaBaseConfiguration$JpaWebConfiguration : spring.jpa.open-in-view is enabled by default. Therefore, database queries may be performed during view rendering. Explicitly configure spring.jpa.open-in-view to disable this warning
2026-05-09 23:04:44.635  INFO 29444 --- [restartedMain] o.s.c.openfeign.FeignClientFactoryBean   : For 'AUTH-SERVICE' URL not provided. Will try picking an instance via load-balancing.
2026-05-09 23:04:45.384  INFO 29444 --- [restartedMain] DiscoveryClientOptionalArgsConfiguration : Eureka HTTP Client uses RestClient.
2026-05-09 23:04:45.453  WARN 29444 --- [restartedMain] iguration$LoadBalancerCaffeineWarnLogger : Spring Cloud LoadBalancer is currently working with the default cache. While this cache implementation is useful for development and tests, it's recommended to use Caffeine cache in production.You can switch to using Caffeine cache, by adding it and org.springframework.cache.caffeine.CaffeineCacheManager to the classpath.
2026-05-09 23:04:45.510  INFO 29444 --- [restartedMain] o.s.c.n.eureka.InstanceInfoFactory       : Setting initial instance status as: STARTING
2026-05-09 23:04:45.513  INFO 29444 --- [restartedMain] com.netflix.discovery.DiscoveryClient    : Initializing Eureka in region us-east-1
2026-05-09 23:04:45.513  INFO 29444 --- [restartedMain] c.n.d.s.r.aws.ConfigClusterResolver      : Resolving eureka endpoints via configuration
2026-05-09 23:04:45.513  INFO 29444 --- [restartedMain] com.netflix.discovery.DiscoveryClient    : Disable delta property : false
2026-05-09 23:04:45.513  INFO 29444 --- [restartedMain] com.netflix.discovery.DiscoveryClient    : Single vip registry refresh property : null
2026-05-09 23:04:45.513  INFO 29444 --- [restartedMain] com.netflix.discovery.DiscoveryClient    : Force full registry fetch : false
2026-05-09 23:04:45.513  INFO 29444 --- [restartedMain] com.netflix.discovery.DiscoveryClient    : Application is null : false
2026-05-09 23:04:45.513  INFO 29444 --- [restartedMain] com.netflix.discovery.DiscoveryClient    : Registered Applications size is zero : true
2026-05-09 23:04:45.513  INFO 29444 --- [restartedMain] com.netflix.discovery.DiscoveryClient    : Application version is -1: true
2026-05-09 23:04:45.513  INFO 29444 --- [restartedMain] com.netflix.discovery.DiscoveryClient    : Getting all instance registry info from the eureka server
2026-05-09 23:04:45.543  INFO 29444 --- [restartedMain] com.netflix.discovery.DiscoveryClient    : The response status is 200
2026-05-09 23:04:45.543  INFO 29444 --- [restartedMain] com.netflix.discovery.DiscoveryClient    : Starting heartbeat executor: renew interval is: 30
2026-05-09 23:04:45.543  INFO 29444 --- [restartedMain] c.n.discovery.InstanceInfoReplicator     : InstanceInfoReplicator onDemand update allowed rate per min is 4
2026-05-09 23:04:45.543  INFO 29444 --- [restartedMain] com.netflix.discovery.DiscoveryClient    : Discovery Client initialized at timestamp 1778348085543 with initial instances count: 3
2026-05-09 23:04:45.561  INFO 29444 --- [restartedMain] o.s.c.n.e.s.EurekaServiceRegistry        : Registering application GREENGOV-PROFILE-SERVICE with eureka with status UP
2026-05-09 23:04:45.561  INFO 29444 --- [restartedMain] com.netflix.discovery.DiscoveryClient    : Saw local status change event StatusChangeEvent [timestamp=1778348085561, current=UP, previous=STARTING]
2026-05-09 23:04:45.563  INFO 29444 --- [DiscoveryClient-InstanceInfoReplicator-%d] com.netflix.discovery.DiscoveryClient    : DiscoveryClient_GREENGOV-PROFILE-SERVICE/LTIN718053.cts.com:greengov-profile-service:9056: registering service...
2026-05-09 23:04:45.567  INFO 29444 --- [restartedMain] o.s.boot.tomcat.TomcatWebServer          : Tomcat started on port 9056 (http) with context path '/'
2026-05-09 23:04:45.568  INFO 29444 --- [restartedMain] .s.c.n.e.s.EurekaAutoServiceRegistration : Updating port to 9056
2026-05-09 23:04:45.574  INFO 29444 --- [DiscoveryClient-InstanceInfoReplicator-%d] com.netflix.discovery.DiscoveryClient    : DiscoveryClient_GREENGOV-PROFILE-SERVICE/LTIN718053.cts.com:greengov-profile-service:9056 - registration status: 204
2026-05-09 23:04:45.583  INFO 29444 --- [restartedMain] .c.g.p.GreengovProfileServiceApplication : Started GreengovProfileServiceApplication in 3.915 seconds (process running for 7266.49)
2026-05-09 23:04:45.584  WARN 29444 --- [restartedMain] o.s.core.events.SpringDocAppInitializer  : SpringDoc /v3/api-docs endpoint is enabled by default. To disable it in production, set the property 'springdoc.api-docs.enabled=false'
2026-05-09 23:04:45.584  WARN 29444 --- [restartedMain] o.s.core.events.SpringDocAppInitializer  : SpringDoc /swagger-ui.html endpoint is enabled by default. To disable it in production, set the property 'springdoc.swagger-ui.enabled=false'
2026-05-09 23:04:45.585  INFO 29444 --- [restartedMain] .ConditionEvaluationDeltaLoggingListener : Condition evaluation unchanged
2026-05-09 23:06:29.544  INFO 29444 --- [RMI TCP Connection(175)-127.0.0.1] inMXBeanRegistrar$SpringApplicationAdmin : Application shutdown requested.
2026-05-09 23:06:29.546  INFO 29444 --- [RMI TCP Connection(175)-127.0.0.1] o.s.c.n.e.s.EurekaServiceRegistry        : Unregistering application GREENGOV-PROFILE-SERVICE with eureka with status DOWN
2026-05-09 23:06:29.546  INFO 29444 --- [RMI TCP Connection(175)-127.0.0.1] com.netflix.discovery.DiscoveryClient    : Saw local status change event StatusChangeEvent [timestamp=1778348189546, current=DOWN, previous=UP]
2026-05-09 23:06:29.546  INFO 29444 --- [DiscoveryClient-InstanceInfoReplicator-%d] com.netflix.discovery.DiscoveryClient    : DiscoveryClient_GREENGOV-PROFILE-SERVICE/LTIN718053.cts.com:greengov-profile-service:9056: registering service...
2026-05-09 23:06:29.548  INFO 29444 --- [RMI TCP Connection(175)-127.0.0.1] o.s.boot.tomcat.GracefulShutdown         : Commencing graceful shutdown. Waiting for active requests to complete
2026-05-09 23:06:29.553  INFO 29444 --- [DiscoveryClient-InstanceInfoReplicator-%d] com.netflix.discovery.DiscoveryClient    : DiscoveryClient_GREENGOV-PROFILE-SERVICE/LTIN718053.cts.com:greengov-profile-service:9056 - registration status: 204
2026-05-09 23:06:29.563  INFO 29444 --- [tomcat-shutdown] o.s.boot.tomcat.GracefulShutdown         : Graceful shutdown complete
2026-05-09 23:06:29.569  INFO 29444 --- [RMI TCP Connection(175)-127.0.0.1] j.LocalContainerEntityManagerFactoryBean : Closing JPA EntityManagerFactory for persistence unit 'default'
2026-05-09 23:06:29.571  INFO 29444 --- [RMI TCP Connection(175)-127.0.0.1] com.zaxxer.hikari.HikariDataSource       : HikariPool-15 - Shutdown initiated...
2026-05-09 23:06:29.578  INFO 29444 --- [RMI TCP Connection(175)-127.0.0.1] com.zaxxer.hikari.HikariDataSource       : HikariPool-15 - Shutdown completed.
2026-05-09 23:06:29.578  INFO 29444 --- [RMI TCP Connection(175)-127.0.0.1] com.netflix.discovery.DiscoveryClient    : Shutting down DiscoveryClient ...
2026-05-09 23:06:32.580  INFO 29444 --- [RMI TCP Connection(175)-127.0.0.1] com.netflix.discovery.DiscoveryClient    : Unregistering ...
2026-05-09 23:06:32.584  INFO 29444 --- [RMI TCP Connection(175)-127.0.0.1] com.netflix.discovery.DiscoveryClient    : DiscoveryClient_GREENGOV-PROFILE-SERVICE/LTIN718053.cts.com:greengov-profile-service:9056 - deregister  status: 200
2026-05-09 23:06:32.584  INFO 29444 --- [RMI TCP Connection(175)-127.0.0.1] com.netflix.discovery.DiscoveryClient    : Completed shut down of DiscoveryClient
2026-05-09 23:10:41.811  INFO 16604 --- [restartedMain] .c.g.p.GreengovProfileServiceApplication : Starting GreengovProfileServiceApplication using Java 21.0.8 with PID 16604 (C:\24-04-2026  Project\greengov-profile-service\target\classes started by 2481374 in C:\24-04-2026  Project\greengov-profile-service)
2026-05-09 23:10:41.818 DEBUG 16604 --- [restartedMain] .c.g.p.GreengovProfileServiceApplication : Running with Spring Boot v4.0.5, Spring v7.0.6
2026-05-09 23:10:41.819  INFO 16604 --- [restartedMain] .c.g.p.GreengovProfileServiceApplication : No active profile set, falling back to 1 default profile: "default"
2026-05-09 23:10:41.879  INFO 16604 --- [restartedMain] o.s.c.c.c.ConfigServerConfigDataLoader   : Fetching config from server at : http://localhost:8711
2026-05-09 23:10:41.879  INFO 16604 --- [restartedMain] o.s.c.c.c.ConfigServerConfigDataLoader   : Located environment: name=greengov-profile-service, profiles=[default], label=null, version=7a74294ba56aa309208460475986a999fc3f7cd0, state=
2026-05-09 23:10:41.883  INFO 16604 --- [restartedMain] .e.DevToolsPropertyDefaultsPostProcessor : Devtools property defaults active! Set 'spring.devtools.add-properties' to 'false' to disable
2026-05-09 23:10:41.884  INFO 16604 --- [restartedMain] .e.DevToolsPropertyDefaultsPostProcessor : For additional web related logging consider setting the 'logging.level.web' property to 'DEBUG'
2026-05-09 23:10:43.111  INFO 16604 --- [restartedMain] .s.d.r.c.RepositoryConfigurationDelegate : Bootstrapping Spring Data JPA repositories in DEFAULT mode.
2026-05-09 23:10:43.230  INFO 16604 --- [restartedMain] .s.d.r.c.RepositoryConfigurationDelegate : Finished Spring Data repository scanning in 111 ms. Found 2 JPA repository interfaces.
2026-05-09 23:10:43.528  INFO 16604 --- [restartedMain] o.s.cloud.context.scope.GenericScope     : BeanFactory id=935b8af3-8a5d-3247-8b45-c01f7fd1256b
2026-05-09 23:10:44.160  INFO 16604 --- [restartedMain] o.s.boot.tomcat.TomcatWebServer          : Tomcat initialized with port 9056 (http)
2026-05-09 23:10:44.173  INFO 16604 --- [restartedMain] o.apache.catalina.core.StandardService   : Starting service [Tomcat]
2026-05-09 23:10:44.173  INFO 16604 --- [restartedMain] o.apache.catalina.core.StandardEngine    : Starting Servlet engine: [Apache Tomcat/11.0.20]
2026-05-09 23:10:44.222  INFO 16604 --- [restartedMain] b.w.c.s.WebApplicationContextInitializer : Root WebApplicationContext: initialization completed in 2337 ms
2026-05-09 23:10:44.421  INFO 16604 --- [restartedMain] org.hibernate.orm.jpa                    : HHH008540: Processing PersistenceUnitInfo [name: default]
2026-05-09 23:10:44.461  INFO 16604 --- [restartedMain] org.hibernate.orm.core                   : HHH000001: Hibernate ORM core version 7.2.7.Final
2026-05-09 23:10:44.845  INFO 16604 --- [restartedMain] o.s.o.j.p.SpringPersistenceUnitInfo      : No LoadTimeWeaver setup: ignoring JPA class transformer
2026-05-09 23:10:44.872  INFO 16604 --- [restartedMain] com.zaxxer.hikari.HikariDataSource       : HikariPool-1 - Starting...
2026-05-09 23:10:45.137  INFO 16604 --- [restartedMain] com.zaxxer.hikari.pool.HikariPool        : HikariPool-1 - Added connection com.mysql.cj.jdbc.ConnectionImpl@627d6faf
2026-05-09 23:10:45.139  INFO 16604 --- [restartedMain] com.zaxxer.hikari.HikariDataSource       : HikariPool-1 - Start completed.
2026-05-09 23:10:45.183  WARN 16604 --- [restartedMain] org.hibernate.orm.deprecation            : HHH90000025: MySQLDialect does not need to be specified explicitly using 'hibernate.dialect' (remove the property setting and it will be selected by default)
2026-05-09 23:10:45.198  INFO 16604 --- [restartedMain] org.hibernate.orm.connections.pooling    : HHH10001005: Database info:
	Database JDBC URL [jdbc:mysql://localhost:3306/greengov_finalDB?createDatabaseIfNotExist=true]
	Database driver: MySQL Connector/J
	Database dialect: MySQLDialect
	Database version: 8.0.44
	Default catalog/schema: greengov_finalDB/undefined
	Autocommit mode: undefined/unknown
	Isolation level: REPEATABLE_READ [default REPEATABLE_READ]
	JDBC fetch size: none
	Pool: DataSourceConnectionProvider
	Minimum pool size: undefined/unknown
	Maximum pool size: undefined/unknown
2026-05-09 23:10:45.939  INFO 16604 --- [restartedMain] org.hibernate.orm.core                   : HHH000489: No JTA platform available (set 'hibernate.transaction.jta.platform' to enable JTA platform integration)
2026-05-09 23:10:46.002 DEBUG 16604 --- [restartedMain] org.hibernate.SQL                        : create table documents (id bigint not null auto_increment, document_type varchar(50) not null, file_url LONGTEXT not null, uploaded_date datetime(6), verification_status enum ('PENDING','REJECTED','VERIFIED') not null, profile_id bigint not null, primary key (id)) engine=InnoDB
2026-05-09 23:10:46.030 DEBUG 16604 --- [restartedMain] org.hibernate.SQL                        : create table participant_profiles (id bigint not null auto_increment, address TEXT, contact_info JSON, entity_type enum ('BUSINESS_OWNER','CITIZEN') not null, legal_name varchar(200) not null, status enum ('PENDING','REJECTED','VERIFIED') not null, user_id bigint not null, primary key (id)) engine=InnoDB
2026-05-09 23:10:46.053 DEBUG 16604 --- [restartedMain] org.hibernate.SQL                        : alter table participant_profiles drop index UKnlp23xxe6neswvnr0cwstibfr
2026-05-09 23:10:46.434 DEBUG 16604 --- [restartedMain] org.hibernate.SQL                        : alter table participant_profiles add constraint UKnlp23xxe6neswvnr0cwstibfr unique (user_id)
2026-05-09 23:10:46.455 DEBUG 16604 --- [restartedMain] org.hibernate.SQL                        : alter table documents add constraint FK84o6du7qkffvdo4a5uu92y2lq foreign key (profile_id) references participant_profiles (id)
2026-05-09 23:10:46.533  INFO 16604 --- [restartedMain] j.LocalContainerEntityManagerFactoryBean : Initialized JPA EntityManagerFactory for persistence unit 'default'
2026-05-09 23:10:46.673  INFO 16604 --- [restartedMain] o.s.d.j.r.query.QueryEnhancerFactories   : Hibernate is in classpath; If applicable, HQL parser will be used.
2026-05-09 23:10:47.050  WARN 16604 --- [restartedMain] JpaBaseConfiguration$JpaWebConfiguration : spring.jpa.open-in-view is enabled by default. Therefore, database queries may be performed during view rendering. Explicitly configure spring.jpa.open-in-view to disable this warning
2026-05-09 23:10:47.213  INFO 16604 --- [restartedMain] o.s.c.openfeign.FeignClientFactoryBean   : For 'AUTH-SERVICE' URL not provided. Will try picking an instance via load-balancing.
2026-05-09 23:10:48.451  INFO 16604 --- [restartedMain] DiscoveryClientOptionalArgsConfiguration : Eureka HTTP Client uses RestClient.
2026-05-09 23:10:48.524  WARN 16604 --- [restartedMain] iguration$LoadBalancerCaffeineWarnLogger : Spring Cloud LoadBalancer is currently working with the default cache. While this cache implementation is useful for development and tests, it's recommended to use Caffeine cache in production.You can switch to using Caffeine cache, by adding it and org.springframework.cache.caffeine.CaffeineCacheManager to the classpath.
2026-05-09 23:10:48.595  INFO 16604 --- [restartedMain] o.s.c.n.eureka.InstanceInfoFactory       : Setting initial instance status as: STARTING
2026-05-09 23:10:48.624  INFO 16604 --- [restartedMain] com.netflix.discovery.DiscoveryClient    : Initializing Eureka in region us-east-1
2026-05-09 23:10:48.627  INFO 16604 --- [restartedMain] c.n.d.s.r.aws.ConfigClusterResolver      : Resolving eureka endpoints via configuration
2026-05-09 23:10:48.643  INFO 16604 --- [restartedMain] com.netflix.discovery.DiscoveryClient    : Disable delta property : false
2026-05-09 23:10:48.643  INFO 16604 --- [restartedMain] com.netflix.discovery.DiscoveryClient    : Single vip registry refresh property : null
2026-05-09 23:10:48.643  INFO 16604 --- [restartedMain] com.netflix.discovery.DiscoveryClient    : Force full registry fetch : false
2026-05-09 23:10:48.643  INFO 16604 --- [restartedMain] com.netflix.discovery.DiscoveryClient    : Application is null : false
2026-05-09 23:10:48.643  INFO 16604 --- [restartedMain] com.netflix.discovery.DiscoveryClient    : Registered Applications size is zero : true
2026-05-09 23:10:48.643  INFO 16604 --- [restartedMain] com.netflix.discovery.DiscoveryClient    : Application version is -1: true
2026-05-09 23:10:48.643  INFO 16604 --- [restartedMain] com.netflix.discovery.DiscoveryClient    : Getting all instance registry info from the eureka server
2026-05-09 23:10:48.887  INFO 16604 --- [restartedMain] com.netflix.discovery.DiscoveryClient    : The response status is 200
2026-05-09 23:10:48.890  INFO 16604 --- [restartedMain] com.netflix.discovery.DiscoveryClient    : Starting heartbeat executor: renew interval is: 30
2026-05-09 23:10:48.892  INFO 16604 --- [restartedMain] c.n.discovery.InstanceInfoReplicator     : InstanceInfoReplicator onDemand update allowed rate per min is 4
2026-05-09 23:10:48.894  INFO 16604 --- [restartedMain] com.netflix.discovery.DiscoveryClient    : Discovery Client initialized at timestamp 1778348448894 with initial instances count: 2
2026-05-09 23:10:48.914  INFO 16604 --- [restartedMain] o.s.c.n.e.s.EurekaServiceRegistry        : Registering application GREENGOV-PROFILE-SERVICE with eureka with status UP
2026-05-09 23:10:48.915  INFO 16604 --- [restartedMain] com.netflix.discovery.DiscoveryClient    : Saw local status change event StatusChangeEvent [timestamp=1778348448915, current=UP, previous=STARTING]
2026-05-09 23:10:48.919  INFO 16604 --- [DiscoveryClient-InstanceInfoReplicator-%d] com.netflix.discovery.DiscoveryClient    : DiscoveryClient_GREENGOV-PROFILE-SERVICE/LTIN718053.cts.com:greengov-profile-service:9056: registering service...
2026-05-09 23:10:48.940  INFO 16604 --- [restartedMain] o.s.boot.tomcat.TomcatWebServer          : Tomcat started on port 9056 (http) with context path '/'
2026-05-09 23:10:48.941  INFO 16604 --- [restartedMain] .s.c.n.e.s.EurekaAutoServiceRegistration : Updating port to 9056
2026-05-09 23:10:48.959  INFO 16604 --- [restartedMain] .c.g.p.GreengovProfileServiceApplication : Started GreengovProfileServiceApplication in 9.091 seconds (process running for 10.149)
2026-05-09 23:10:48.963  WARN 16604 --- [restartedMain] o.s.core.events.SpringDocAppInitializer  : SpringDoc /v3/api-docs endpoint is enabled by default. To disable it in production, set the property 'springdoc.api-docs.enabled=false'
2026-05-09 23:10:48.963  WARN 16604 --- [restartedMain] o.s.core.events.SpringDocAppInitializer  : SpringDoc /swagger-ui.html endpoint is enabled by default. To disable it in production, set the property 'springdoc.swagger-ui.enabled=false'
2026-05-09 23:10:48.969  INFO 16604 --- [DiscoveryClient-InstanceInfoReplicator-%d] com.netflix.discovery.DiscoveryClient    : DiscoveryClient_GREENGOV-PROFILE-SERVICE/LTIN718053.cts.com:greengov-profile-service:9056 - registration status: 204
2026-05-09 23:12:11.000  INFO 16604 --- [http-nio-9056-exec-1] o.a.c.c.C.[Tomcat].[localhost].[/]       : Initializing Spring DispatcherServlet 'dispatcherServlet'
2026-05-09 23:12:11.001  INFO 16604 --- [http-nio-9056-exec-1] o.s.web.servlet.DispatcherServlet        : Initializing Servlet 'dispatcherServlet'
2026-05-09 23:12:11.006  INFO 16604 --- [http-nio-9056-exec-1] o.s.web.servlet.DispatcherServlet        : Completed initialization in 5 ms
2026-05-09 23:12:11.105  INFO 16604 --- [http-nio-9056-exec-1] c.c.g.p.c.ParticipantController          : Received request to fetch participant details for user ID: 15
2026-05-09 23:12:11.107 DEBUG 16604 --- [http-nio-9056-exec-1] c.c.g.p.s.impl.ParticipantServiceImpl    : Fetching participant details from database for user ID: 15
2026-05-09 23:12:12.255 DEBUG 16604 --- [http-nio-9056-exec-1] org.hibernate.SQL                        : select pp1_0.id,pp1_0.address,pp1_0.contact_info,pp1_0.entity_type,pp1_0.legal_name,pp1_0.status,pp1_0.user_id from participant_profiles pp1_0 where pp1_0.user_id=?
2026-05-09 23:12:12.324 ERROR 16604 --- [http-nio-9056-exec-1] c.c.g.p.s.impl.ParticipantServiceImpl    : Failed to find participant profile for User ID: 15
2026-05-09 23:12:12.438  WARN 16604 --- [http-nio-9056-exec-1] .m.m.a.ExceptionHandlerExceptionResolver : Resolved [com.cognizant.greengov.profile.exception.ResourceNotFoundException: Profile not found for User ID: 15]
2026-05-09 23:12:12.486  INFO 16604 --- [http-nio-9056-exec-2] c.c.g.p.c.ParticipantController          : Received request to fetch participant details for user ID: 15
2026-05-09 23:12:12.486 DEBUG 16604 --- [http-nio-9056-exec-2] c.c.g.p.s.impl.ParticipantServiceImpl    : Fetching participant details from database for user ID: 15
2026-05-09 23:12:12.488 DEBUG 16604 --- [http-nio-9056-exec-2] org.hibernate.SQL                        : select pp1_0.id,pp1_0.address,pp1_0.contact_info,pp1_0.entity_type,pp1_0.legal_name,pp1_0.status,pp1_0.user_id from participant_profiles pp1_0 where pp1_0.user_id=?
2026-05-09 23:12:12.492 ERROR 16604 --- [http-nio-9056-exec-2] c.c.g.p.s.impl.ParticipantServiceImpl    : Failed to find participant profile for User ID: 15
2026-05-09 23:12:12.497  WARN 16604 --- [http-nio-9056-exec-2] .m.m.a.ExceptionHandlerExceptionResolver : Resolved [com.cognizant.greengov.profile.exception.ResourceNotFoundException: Profile not found for User ID: 15]
2026-05-09 23:13:22.372  INFO 16604 --- [http-nio-9056-exec-4] c.c.g.p.c.ParticipantController          : Received request to fetch participant details for user ID: 1
2026-05-09 23:13:22.374 DEBUG 16604 --- [http-nio-9056-exec-4] c.c.g.p.s.impl.ParticipantServiceImpl    : Fetching participant details from database for user ID: 1
2026-05-09 23:13:22.376 DEBUG 16604 --- [http-nio-9056-exec-4] org.hibernate.SQL                        : select pp1_0.id,pp1_0.address,pp1_0.contact_info,pp1_0.entity_type,pp1_0.legal_name,pp1_0.status,pp1_0.user_id from participant_profiles pp1_0 where pp1_0.user_id=?
2026-05-09 23:13:22.381 ERROR 16604 --- [http-nio-9056-exec-4] c.c.g.p.s.impl.ParticipantServiceImpl    : Failed to find participant profile for User ID: 1
2026-05-09 23:13:22.383  WARN 16604 --- [http-nio-9056-exec-4] .m.m.a.ExceptionHandlerExceptionResolver : Resolved [com.cognizant.greengov.profile.exception.ResourceNotFoundException: Profile not found for User ID: 1]
2026-05-09 23:13:34.691  INFO 16604 --- [http-nio-9056-exec-5] c.c.g.p.c.ParticipantController          : Received request to register new participant for userId: 1
2026-05-09 23:13:34.715 DEBUG 16604 --- [http-nio-9056-exec-5] c.c.g.p.s.impl.ParticipantServiceImpl    : Executing registerParticipant logic for userId: 1
2026-05-09 23:13:34.865 DEBUG 16604 --- [http-nio-9056-exec-5] org.hibernate.SQL                        : insert into participant_profiles (address,contact_info,entity_type,legal_name,status,user_id) values (?,?,?,?,?,?)
2026-05-09 23:13:34.922 DEBUG 16604 --- [http-nio-9056-exec-5] c.c.g.p.s.impl.ParticipantServiceImpl    : Participant profile saved to database successfully with ID: 1
2026-05-09 23:13:34.984  INFO 16604 --- [http-nio-9056-exec-5] c.c.g.p.c.ParticipantController          : Successfully registered participant with profile ID: 1
2026-05-09 23:13:37.051  INFO 16604 --- [http-nio-9056-exec-6] c.c.g.p.c.ParticipantController          : Received request to fetch participant details for user ID: 1
2026-05-09 23:13:37.051 DEBUG 16604 --- [http-nio-9056-exec-6] c.c.g.p.s.impl.ParticipantServiceImpl    : Fetching participant details from database for user ID: 1
2026-05-09 23:13:37.052 DEBUG 16604 --- [http-nio-9056-exec-6] org.hibernate.SQL                        : select pp1_0.id,pp1_0.address,pp1_0.contact_info,pp1_0.entity_type,pp1_0.legal_name,pp1_0.status,pp1_0.user_id from participant_profiles pp1_0 where pp1_0.user_id=?
2026-05-09 23:13:37.073 DEBUG 16604 --- [http-nio-9056-exec-6] org.hibernate.SQL                        : select d1_0.profile_id,d1_0.id,d1_0.document_type,d1_0.file_url,d1_0.uploaded_date,d1_0.verification_status from documents d1_0 where d1_0.profile_id=?
2026-05-09 23:13:37.101  INFO 16604 --- [http-nio-9056-exec-7] c.c.g.p.c.ParticipantController          : Received request to fetch participant details for user ID: 1
2026-05-09 23:13:37.102 DEBUG 16604 --- [http-nio-9056-exec-7] c.c.g.p.s.impl.ParticipantServiceImpl    : Fetching participant details from database for user ID: 1
2026-05-09 23:13:37.103 DEBUG 16604 --- [http-nio-9056-exec-7] org.hibernate.SQL                        : select pp1_0.id,pp1_0.address,pp1_0.contact_info,pp1_0.entity_type,pp1_0.legal_name,pp1_0.status,pp1_0.user_id from participant_profiles pp1_0 where pp1_0.user_id=?
2026-05-09 23:13:37.108 DEBUG 16604 --- [http-nio-9056-exec-7] org.hibernate.SQL                        : select d1_0.profile_id,d1_0.id,d1_0.document_type,d1_0.file_url,d1_0.uploaded_date,d1_0.verification_status from documents d1_0 where d1_0.profile_id=?
2026-05-09 23:13:37.113  INFO 16604 --- [http-nio-9056-exec-8] c.c.g.p.c.ParticipantController          : Received request to fetch documents for profile ID: 1
2026-05-09 23:13:37.113 DEBUG 16604 --- [http-nio-9056-exec-8] c.c.g.p.s.impl.ParticipantServiceImpl    : Retrieving documents for profile ID: 1
2026-05-09 23:13:37.166 DEBUG 16604 --- [http-nio-9056-exec-8] org.hibernate.SQL                        : select count(*) from participant_profiles pp1_0 where pp1_0.id=?
2026-05-09 23:13:37.182 DEBUG 16604 --- [http-nio-9056-exec-8] org.hibernate.SQL                        : select d1_0.id,d1_0.document_type,d1_0.file_url,d1_0.profile_id,d1_0.uploaded_date,d1_0.verification_status from documents d1_0 where d1_0.profile_id=?
2026-05-09 23:13:37.183 DEBUG 16604 --- [http-nio-9056-exec-8] c.c.g.p.s.impl.ParticipantServiceImpl    : Retrieved 0 documents for profile ID: 1
2026-05-09 23:13:37.202  INFO 16604 --- [http-nio-9056-exec-9] c.c.g.p.c.ParticipantController          : Received request to fetch documents for profile ID: 1
2026-05-09 23:13:37.202 DEBUG 16604 --- [http-nio-9056-exec-9] c.c.g.p.s.impl.ParticipantServiceImpl    : Retrieving documents for profile ID: 1
2026-05-09 23:13:37.204 DEBUG 16604 --- [http-nio-9056-exec-9] org.hibernate.SQL                        : select count(*) from participant_profiles pp1_0 where pp1_0.id=?
2026-05-09 23:13:37.211 DEBUG 16604 --- [http-nio-9056-exec-9] org.hibernate.SQL                        : select d1_0.id,d1_0.document_type,d1_0.file_url,d1_0.profile_id,d1_0.uploaded_date,d1_0.verification_status from documents d1_0 where d1_0.profile_id=?
2026-05-09 23:13:37.214 DEBUG 16604 --- [http-nio-9056-exec-9] c.c.g.p.s.impl.ParticipantServiceImpl    : Retrieved 0 documents for profile ID: 1
2026-05-09 23:13:48.733  INFO 16604 --- [http-nio-9056-exec-10] c.c.g.p.c.ParticipantController          : Received request to upload document type ID_PROOF for profile ID: 1
2026-05-09 23:13:48.741 DEBUG 16604 --- [http-nio-9056-exec-10] c.c.g.p.s.impl.ParticipantServiceImpl    : Processing document upload for profile ID: 1
2026-05-09 23:13:48.749 DEBUG 16604 --- [http-nio-9056-exec-10] org.hibernate.SQL                        : select pp1_0.id,pp1_0.address,pp1_0.contact_info,pp1_0.entity_type,pp1_0.legal_name,pp1_0.status,pp1_0.user_id from participant_profiles pp1_0 where pp1_0.id=?
2026-05-09 23:13:48.766 DEBUG 16604 --- [http-nio-9056-exec-10] org.hibernate.SQL                        : insert into documents (document_type,file_url,profile_id,uploaded_date,verification_status) values (?,?,?,?,?)
2026-05-09 23:13:48.815 DEBUG 16604 --- [http-nio-9056-exec-10] c.c.g.p.s.impl.ParticipantServiceImpl    : Document saved successfully with ID: 1
2026-05-09 23:13:48.860  INFO 16604 --- [http-nio-9056-exec-1] c.c.g.p.c.ParticipantController          : Received request to fetch participant details for user ID: 1
2026-05-09 23:13:48.860 DEBUG 16604 --- [http-nio-9056-exec-1] c.c.g.p.s.impl.ParticipantServiceImpl    : Fetching participant details from database for user ID: 1
2026-05-09 23:13:48.862 DEBUG 16604 --- [http-nio-9056-exec-1] org.hibernate.SQL                        : select pp1_0.id,pp1_0.address,pp1_0.contact_info,pp1_0.entity_type,pp1_0.legal_name,pp1_0.status,pp1_0.user_id from participant_profiles pp1_0 where pp1_0.user_id=?
2026-05-09 23:13:48.865 DEBUG 16604 --- [http-nio-9056-exec-1] org.hibernate.SQL                        : select d1_0.profile_id,d1_0.id,d1_0.document_type,d1_0.file_url,d1_0.uploaded_date,d1_0.verification_status from documents d1_0 where d1_0.profile_id=?
2026-05-09 23:13:48.905  INFO 16604 --- [http-nio-9056-exec-2] c.c.g.p.c.ParticipantController          : Received request to fetch documents for profile ID: 1
2026-05-09 23:13:48.905 DEBUG 16604 --- [http-nio-9056-exec-2] c.c.g.p.s.impl.ParticipantServiceImpl    : Retrieving documents for profile ID: 1
2026-05-09 23:13:48.909 DEBUG 16604 --- [http-nio-9056-exec-2] org.hibernate.SQL                        : select count(*) from participant_profiles pp1_0 where pp1_0.id=?
2026-05-09 23:13:48.916 DEBUG 16604 --- [http-nio-9056-exec-2] org.hibernate.SQL                        : select d1_0.id,d1_0.document_type,d1_0.file_url,d1_0.profile_id,d1_0.uploaded_date,d1_0.verification_status from documents d1_0 where d1_0.profile_id=?
2026-05-09 23:13:48.936 DEBUG 16604 --- [http-nio-9056-exec-2] c.c.g.p.s.impl.ParticipantServiceImpl    : Retrieved 1 documents for profile ID: 1
2026-05-09 23:14:19.594  INFO 16604 --- [http-nio-9056-exec-3] c.c.g.p.c.ParticipantController          : Received request to update participant details for profile ID: 1
2026-05-09 23:14:19.597 DEBUG 16604 --- [http-nio-9056-exec-3] c.c.g.p.s.impl.ParticipantServiceImpl    : Updating participant details for profile ID: 1
2026-05-09 23:14:19.598 DEBUG 16604 --- [http-nio-9056-exec-3] org.hibernate.SQL                        : select pp1_0.id,pp1_0.address,pp1_0.contact_info,pp1_0.entity_type,pp1_0.legal_name,pp1_0.status,pp1_0.user_id from participant_profiles pp1_0 where pp1_0.id=?
2026-05-09 23:14:19.602 DEBUG 16604 --- [http-nio-9056-exec-3] c.c.g.p.s.impl.ParticipantServiceImpl    : Participant details updated successfully for profile ID: 1
2026-05-09 23:14:19.602 DEBUG 16604 --- [http-nio-9056-exec-3] org.hibernate.SQL                        : select d1_0.profile_id,d1_0.id,d1_0.document_type,d1_0.file_url,d1_0.uploaded_date,d1_0.verification_status from documents d1_0 where d1_0.profile_id=?
2026-05-09 23:14:19.632 DEBUG 16604 --- [http-nio-9056-exec-3] org.hibernate.SQL                        : update participant_profiles set address=?,contact_info=?,entity_type=?,legal_name=?,status=?,user_id=? where id=?
2026-05-09 23:14:19.685  INFO 16604 --- [http-nio-9056-exec-4] c.c.g.p.c.ParticipantController          : Received request to fetch participant details for user ID: 1
2026-05-09 23:14:19.685 DEBUG 16604 --- [http-nio-9056-exec-4] c.c.g.p.s.impl.ParticipantServiceImpl    : Fetching participant details from database for user ID: 1
2026-05-09 23:14:19.687 DEBUG 16604 --- [http-nio-9056-exec-4] org.hibernate.SQL                        : select pp1_0.id,pp1_0.address,pp1_0.contact_info,pp1_0.entity_type,pp1_0.legal_name,pp1_0.status,pp1_0.user_id from participant_profiles pp1_0 where pp1_0.user_id=?
2026-05-09 23:14:19.691 DEBUG 16604 --- [http-nio-9056-exec-4] org.hibernate.SQL                        : select d1_0.profile_id,d1_0.id,d1_0.document_type,d1_0.file_url,d1_0.uploaded_date,d1_0.verification_status from documents d1_0 where d1_0.profile_id=?
2026-05-09 23:14:19.733  INFO 16604 --- [http-nio-9056-exec-5] c.c.g.p.c.ParticipantController          : Received request to fetch documents for profile ID: 1
2026-05-09 23:14:19.735 DEBUG 16604 --- [http-nio-9056-exec-5] c.c.g.p.s.impl.ParticipantServiceImpl    : Retrieving documents for profile ID: 1
2026-05-09 23:14:19.735 DEBUG 16604 --- [http-nio-9056-exec-5] org.hibernate.SQL                        : select count(*) from participant_profiles pp1_0 where pp1_0.id=?
2026-05-09 23:14:19.747 DEBUG 16604 --- [http-nio-9056-exec-5] org.hibernate.SQL                        : select d1_0.id,d1_0.document_type,d1_0.file_url,d1_0.profile_id,d1_0.uploaded_date,d1_0.verification_status from documents d1_0 where d1_0.profile_id=?
2026-05-09 23:14:19.747 DEBUG 16604 --- [http-nio-9056-exec-5] c.c.g.p.s.impl.ParticipantServiceImpl    : Retrieved 1 documents for profile ID: 1
2026-05-09 23:15:48.659  INFO 16604 --- [AsyncResolver-bootstrap-executor-%d] c.n.d.s.r.aws.ConfigClusterResolver      : Resolving eureka endpoints via configuration
2026-05-09 23:18:34.433  INFO 16604 --- [http-nio-9056-exec-8] c.c.g.p.c.ParticipantController          : Received request to fetch participant details for user ID: 2
2026-05-09 23:18:34.433 DEBUG 16604 --- [http-nio-9056-exec-8] c.c.g.p.s.impl.ParticipantServiceImpl    : Fetching participant details from database for user ID: 2
2026-05-09 23:18:34.435 DEBUG 16604 --- [http-nio-9056-exec-8] org.hibernate.SQL                        : select pp1_0.id,pp1_0.address,pp1_0.contact_info,pp1_0.entity_type,pp1_0.legal_name,pp1_0.status,pp1_0.user_id from participant_profiles pp1_0 where pp1_0.user_id=?
2026-05-09 23:18:34.442 ERROR 16604 --- [http-nio-9056-exec-8] c.c.g.p.s.impl.ParticipantServiceImpl    : Failed to find participant profile for User ID: 2
2026-05-09 23:18:34.442  WARN 16604 --- [http-nio-9056-exec-8] .m.m.a.ExceptionHandlerExceptionResolver : Resolved [com.cognizant.greengov.profile.exception.ResourceNotFoundException: Profile not found for User ID: 2]
2026-05-09 23:18:59.845  INFO 16604 --- [http-nio-9056-exec-9] c.c.g.p.c.ParticipantController          : Received request to register new participant for userId: 2
2026-05-09 23:18:59.854 DEBUG 16604 --- [http-nio-9056-exec-9] c.c.g.p.s.impl.ParticipantServiceImpl    : Executing registerParticipant logic for userId: 2
2026-05-09 23:18:59.858 DEBUG 16604 --- [http-nio-9056-exec-9] org.hibernate.SQL                        : insert into participant_profiles (address,contact_info,entity_type,legal_name,status,user_id) values (?,?,?,?,?,?)
2026-05-09 23:18:59.861 DEBUG 16604 --- [http-nio-9056-exec-9] c.c.g.p.s.impl.ParticipantServiceImpl    : Participant profile saved to database successfully with ID: 2
2026-05-09 23:18:59.876  INFO 16604 --- [http-nio-9056-exec-9] c.c.g.p.c.ParticipantController          : Successfully registered participant with profile ID: 2
2026-05-09 23:18:59.944  INFO 16604 --- [http-nio-9056-exec-10] c.c.g.p.c.ParticipantController          : Received request to fetch participant details for user ID: 2
2026-05-09 23:18:59.944 DEBUG 16604 --- [http-nio-9056-exec-10] c.c.g.p.s.impl.ParticipantServiceImpl    : Fetching participant details from database for user ID: 2
2026-05-09 23:18:59.945 DEBUG 16604 --- [http-nio-9056-exec-10] org.hibernate.SQL                        : select pp1_0.id,pp1_0.address,pp1_0.contact_info,pp1_0.entity_type,pp1_0.legal_name,pp1_0.status,pp1_0.user_id from participant_profiles pp1_0 where pp1_0.user_id=?
2026-05-09 23:18:59.948 DEBUG 16604 --- [http-nio-9056-exec-10] org.hibernate.SQL                        : select d1_0.profile_id,d1_0.id,d1_0.document_type,d1_0.file_url,d1_0.uploaded_date,d1_0.verification_status from documents d1_0 where d1_0.profile_id=?
2026-05-09 23:18:59.968  INFO 16604 --- [http-nio-9056-exec-1] c.c.g.p.c.ParticipantController          : Received request to fetch participant details for user ID: 2
2026-05-09 23:18:59.970 DEBUG 16604 --- [http-nio-9056-exec-1] c.c.g.p.s.impl.ParticipantServiceImpl    : Fetching participant details from database for user ID: 2
2026-05-09 23:18:59.972 DEBUG 16604 --- [http-nio-9056-exec-1] org.hibernate.SQL                        : select pp1_0.id,pp1_0.address,pp1_0.contact_info,pp1_0.entity_type,pp1_0.legal_name,pp1_0.status,pp1_0.user_id from participant_profiles pp1_0 where pp1_0.user_id=?
2026-05-09 23:18:59.975 DEBUG 16604 --- [http-nio-9056-exec-1] org.hibernate.SQL                        : select d1_0.profile_id,d1_0.id,d1_0.document_type,d1_0.file_url,d1_0.uploaded_date,d1_0.verification_status from documents d1_0 where d1_0.profile_id=?
2026-05-09 23:18:59.983  INFO 16604 --- [http-nio-9056-exec-2] c.c.g.p.c.ParticipantController          : Received request to fetch documents for profile ID: 2
2026-05-09 23:18:59.983 DEBUG 16604 --- [http-nio-9056-exec-2] c.c.g.p.s.impl.ParticipantServiceImpl    : Retrieving documents for profile ID: 2
2026-05-09 23:18:59.984 DEBUG 16604 --- [http-nio-9056-exec-2] org.hibernate.SQL                        : select count(*) from participant_profiles pp1_0 where pp1_0.id=?
2026-05-09 23:18:59.990 DEBUG 16604 --- [http-nio-9056-exec-2] org.hibernate.SQL                        : select d1_0.id,d1_0.document_type,d1_0.file_url,d1_0.profile_id,d1_0.uploaded_date,d1_0.verification_status from documents d1_0 where d1_0.profile_id=?
2026-05-09 23:18:59.992 DEBUG 16604 --- [http-nio-9056-exec-2] c.c.g.p.s.impl.ParticipantServiceImpl    : Retrieved 0 documents for profile ID: 2
2026-05-09 23:19:00.014  INFO 16604 --- [http-nio-9056-exec-3] c.c.g.p.c.ParticipantController          : Received request to fetch documents for profile ID: 2
2026-05-09 23:19:00.014 DEBUG 16604 --- [http-nio-9056-exec-3] c.c.g.p.s.impl.ParticipantServiceImpl    : Retrieving documents for profile ID: 2
2026-05-09 23:19:00.016 DEBUG 16604 --- [http-nio-9056-exec-3] org.hibernate.SQL                        : select count(*) from participant_profiles pp1_0 where pp1_0.id=?
2026-05-09 23:19:00.025 DEBUG 16604 --- [http-nio-9056-exec-3] org.hibernate.SQL                        : select d1_0.id,d1_0.document_type,d1_0.file_url,d1_0.profile_id,d1_0.uploaded_date,d1_0.verification_status from documents d1_0 where d1_0.profile_id=?
2026-05-09 23:19:00.028 DEBUG 16604 --- [http-nio-9056-exec-3] c.c.g.p.s.impl.ParticipantServiceImpl    : Retrieved 0 documents for profile ID: 2
2026-05-09 23:19:09.109  INFO 16604 --- [http-nio-9056-exec-4] c.c.g.p.c.ParticipantController          : Received request to fetch participant details for user ID: 2
2026-05-09 23:19:09.109 DEBUG 16604 --- [http-nio-9056-exec-4] c.c.g.p.s.impl.ParticipantServiceImpl    : Fetching participant details from database for user ID: 2
2026-05-09 23:19:09.109 DEBUG 16604 --- [http-nio-9056-exec-4] org.hibernate.SQL                        : select pp1_0.id,pp1_0.address,pp1_0.contact_info,pp1_0.entity_type,pp1_0.legal_name,pp1_0.status,pp1_0.user_id from participant_profiles pp1_0 where pp1_0.user_id=?
2026-05-09 23:19:09.117 DEBUG 16604 --- [http-nio-9056-exec-4] org.hibernate.SQL                        : select d1_0.profile_id,d1_0.id,d1_0.document_type,d1_0.file_url,d1_0.uploaded_date,d1_0.verification_status from documents d1_0 where d1_0.profile_id=?
2026-05-09 23:19:09.149  INFO 16604 --- [http-nio-9056-exec-5] c.c.g.p.c.ParticipantController          : Received request to fetch participant details for user ID: 2
2026-05-09 23:19:09.149 DEBUG 16604 --- [http-nio-9056-exec-5] c.c.g.p.s.impl.ParticipantServiceImpl    : Fetching participant details from database for user ID: 2
2026-05-09 23:19:09.151 DEBUG 16604 --- [http-nio-9056-exec-5] org.hibernate.SQL                        : select pp1_0.id,pp1_0.address,pp1_0.contact_info,pp1_0.entity_type,pp1_0.legal_name,pp1_0.status,pp1_0.user_id from participant_profiles pp1_0 where pp1_0.user_id=?
2026-05-09 23:19:09.158 DEBUG 16604 --- [http-nio-9056-exec-5] org.hibernate.SQL                        : select d1_0.profile_id,d1_0.id,d1_0.document_type,d1_0.file_url,d1_0.uploaded_date,d1_0.verification_status from documents d1_0 where d1_0.profile_id=?
2026-05-09 23:19:09.158  INFO 16604 --- [http-nio-9056-exec-6] c.c.g.p.c.ParticipantController          : Received request to fetch documents for profile ID: 2
2026-05-09 23:19:09.158 DEBUG 16604 --- [http-nio-9056-exec-6] c.c.g.p.s.impl.ParticipantServiceImpl    : Retrieving documents for profile ID: 2
2026-05-09 23:19:09.167 DEBUG 16604 --- [http-nio-9056-exec-6] org.hibernate.SQL                        : select count(*) from participant_profiles pp1_0 where pp1_0.id=?
2026-05-09 23:19:09.174 DEBUG 16604 --- [http-nio-9056-exec-6] org.hibernate.SQL                        : select d1_0.id,d1_0.document_type,d1_0.file_url,d1_0.profile_id,d1_0.uploaded_date,d1_0.verification_status from documents d1_0 where d1_0.profile_id=?
2026-05-09 23:19:09.175 DEBUG 16604 --- [http-nio-9056-exec-6] c.c.g.p.s.impl.ParticipantServiceImpl    : Retrieved 0 documents for profile ID: 2
2026-05-09 23:19:09.195  INFO 16604 --- [http-nio-9056-exec-7] c.c.g.p.c.ParticipantController          : Received request to fetch documents for profile ID: 2
2026-05-09 23:19:09.195 DEBUG 16604 --- [http-nio-9056-exec-7] c.c.g.p.s.impl.ParticipantServiceImpl    : Retrieving documents for profile ID: 2
2026-05-09 23:19:09.199 DEBUG 16604 --- [http-nio-9056-exec-7] org.hibernate.SQL                        : select count(*) from participant_profiles pp1_0 where pp1_0.id=?
2026-05-09 23:19:09.205 DEBUG 16604 --- [http-nio-9056-exec-7] org.hibernate.SQL                        : select d1_0.id,d1_0.document_type,d1_0.file_url,d1_0.profile_id,d1_0.uploaded_date,d1_0.verification_status from documents d1_0 where d1_0.profile_id=?
2026-05-09 23:19:09.208 DEBUG 16604 --- [http-nio-9056-exec-7] c.c.g.p.s.impl.ParticipantServiceImpl    : Retrieved 0 documents for profile ID: 2
2026-05-09 23:19:17.144  INFO 16604 --- [http-nio-9056-exec-8] c.c.g.p.c.ParticipantController          : Received request to fetch participant details for user ID: 2
2026-05-09 23:19:17.144 DEBUG 16604 --- [http-nio-9056-exec-8] c.c.g.p.s.impl.ParticipantServiceImpl    : Fetching participant details from database for user ID: 2
2026-05-09 23:19:17.149 DEBUG 16604 --- [http-nio-9056-exec-8] org.hibernate.SQL                        : select pp1_0.id,pp1_0.address,pp1_0.contact_info,pp1_0.entity_type,pp1_0.legal_name,pp1_0.status,pp1_0.user_id from participant_profiles pp1_0 where pp1_0.user_id=?
2026-05-09 23:19:17.152 DEBUG 16604 --- [http-nio-9056-exec-8] org.hibernate.SQL                        : select d1_0.profile_id,d1_0.id,d1_0.document_type,d1_0.file_url,d1_0.uploaded_date,d1_0.verification_status from documents d1_0 where d1_0.profile_id=?
2026-05-09 23:19:17.177  INFO 16604 --- [http-nio-9056-exec-9] c.c.g.p.c.ParticipantController          : Received request to fetch participant details for user ID: 2
2026-05-09 23:19:17.178 DEBUG 16604 --- [http-nio-9056-exec-9] c.c.g.p.s.impl.ParticipantServiceImpl    : Fetching participant details from database for user ID: 2
2026-05-09 23:19:17.179 DEBUG 16604 --- [http-nio-9056-exec-9] org.hibernate.SQL                        : select pp1_0.id,pp1_0.address,pp1_0.contact_info,pp1_0.entity_type,pp1_0.legal_name,pp1_0.status,pp1_0.user_id from participant_profiles pp1_0 where pp1_0.user_id=?
2026-05-09 23:19:17.183 DEBUG 16604 --- [http-nio-9056-exec-9] org.hibernate.SQL                        : select d1_0.profile_id,d1_0.id,d1_0.document_type,d1_0.file_url,d1_0.uploaded_date,d1_0.verification_status from documents d1_0 where d1_0.profile_id=?
2026-05-09 23:19:17.195  INFO 16604 --- [http-nio-9056-exec-10] c.c.g.p.c.ParticipantController          : Received request to fetch documents for profile ID: 2
2026-05-09 23:19:17.195 DEBUG 16604 --- [http-nio-9056-exec-10] c.c.g.p.s.impl.ParticipantServiceImpl    : Retrieving documents for profile ID: 2
2026-05-09 23:19:17.197 DEBUG 16604 --- [http-nio-9056-exec-10] org.hibernate.SQL                        : select count(*) from participant_profiles pp1_0 where pp1_0.id=?
2026-05-09 23:19:17.203 DEBUG 16604 --- [http-nio-9056-exec-10] org.hibernate.SQL                        : select d1_0.id,d1_0.document_type,d1_0.file_url,d1_0.profile_id,d1_0.uploaded_date,d1_0.verification_status from documents d1_0 where d1_0.profile_id=?
2026-05-09 23:19:17.207 DEBUG 16604 --- [http-nio-9056-exec-10] c.c.g.p.s.impl.ParticipantServiceImpl    : Retrieved 0 documents for profile ID: 2
2026-05-09 23:19:17.213  INFO 16604 --- [http-nio-9056-exec-1] c.c.g.p.c.ParticipantController          : Received request to fetch documents for profile ID: 2
2026-05-09 23:19:17.213 DEBUG 16604 --- [http-nio-9056-exec-1] c.c.g.p.s.impl.ParticipantServiceImpl    : Retrieving documents for profile ID: 2
2026-05-09 23:19:17.219 DEBUG 16604 --- [http-nio-9056-exec-1] org.hibernate.SQL                        : select count(*) from participant_profiles pp1_0 where pp1_0.id=?
2026-05-09 23:19:17.226 DEBUG 16604 --- [http-nio-9056-exec-1] org.hibernate.SQL                        : select d1_0.id,d1_0.document_type,d1_0.file_url,d1_0.profile_id,d1_0.uploaded_date,d1_0.verification_status from documents d1_0 where d1_0.profile_id=?
2026-05-09 23:19:17.228 DEBUG 16604 --- [http-nio-9056-exec-1] c.c.g.p.s.impl.ParticipantServiceImpl    : Retrieved 0 documents for profile ID: 2
2026-05-09 23:20:48.672  INFO 16604 --- [AsyncResolver-bootstrap-executor-%d] c.n.d.s.r.aws.ConfigClusterResolver      : Resolving eureka endpoints via configuration
2026-05-09 23:25:48.681  INFO 16604 --- [AsyncResolver-bootstrap-executor-%d] c.n.d.s.r.aws.ConfigClusterResolver      : Resolving eureka endpoints via configuration
2026-05-09 23:27:57.340  INFO 16604 --- [http-nio-9056-exec-4] c.c.g.p.c.ParticipantController          : Received request to fetch participant details for user ID: 2
2026-05-09 23:27:57.342 DEBUG 16604 --- [http-nio-9056-exec-4] c.c.g.p.s.impl.ParticipantServiceImpl    : Fetching participant details from database for user ID: 2
2026-05-09 23:27:57.344 DEBUG 16604 --- [http-nio-9056-exec-4] org.hibernate.SQL                        : select pp1_0.id,pp1_0.address,pp1_0.contact_info,pp1_0.entity_type,pp1_0.legal_name,pp1_0.status,pp1_0.user_id from participant_profiles pp1_0 where pp1_0.user_id=?
2026-05-09 23:27:57.348 DEBUG 16604 --- [http-nio-9056-exec-4] org.hibernate.SQL                        : select d1_0.profile_id,d1_0.id,d1_0.document_type,d1_0.file_url,d1_0.uploaded_date,d1_0.verification_status from documents d1_0 where d1_0.profile_id=?
2026-05-09 23:27:57.395  INFO 16604 --- [http-nio-9056-exec-5] c.c.g.p.c.ParticipantController          : Received request to fetch participant details for user ID: 2
2026-05-09 23:27:57.395 DEBUG 16604 --- [http-nio-9056-exec-5] c.c.g.p.s.impl.ParticipantServiceImpl    : Fetching participant details from database for user ID: 2
2026-05-09 23:27:57.396 DEBUG 16604 --- [http-nio-9056-exec-5] org.hibernate.SQL                        : select pp1_0.id,pp1_0.address,pp1_0.contact_info,pp1_0.entity_type,pp1_0.legal_name,pp1_0.status,pp1_0.user_id from participant_profiles pp1_0 where pp1_0.user_id=?
2026-05-09 23:27:57.398 DEBUG 16604 --- [http-nio-9056-exec-5] org.hibernate.SQL                        : select d1_0.profile_id,d1_0.id,d1_0.document_type,d1_0.file_url,d1_0.uploaded_date,d1_0.verification_status from documents d1_0 where d1_0.profile_id=?
2026-05-09 23:27:57.415  INFO 16604 --- [http-nio-9056-exec-6] c.c.g.p.c.ParticipantController          : Received request to fetch participant details for user ID: 2
2026-05-09 23:27:57.415 DEBUG 16604 --- [http-nio-9056-exec-6] c.c.g.p.s.impl.ParticipantServiceImpl    : Fetching participant details from database for user ID: 2
2026-05-09 23:27:57.415 DEBUG 16604 --- [http-nio-9056-exec-6] org.hibernate.SQL                        : select pp1_0.id,pp1_0.address,pp1_0.contact_info,pp1_0.entity_type,pp1_0.legal_name,pp1_0.status,pp1_0.user_id from participant_profiles pp1_0 where pp1_0.user_id=?
2026-05-09 23:27:57.421 DEBUG 16604 --- [http-nio-9056-exec-6] org.hibernate.SQL                        : select d1_0.profile_id,d1_0.id,d1_0.document_type,d1_0.file_url,d1_0.uploaded_date,d1_0.verification_status from documents d1_0 where d1_0.profile_id=?
2026-05-09 23:27:57.421  INFO 16604 --- [http-nio-9056-exec-7] c.c.g.p.c.ParticipantController          : Received request to fetch documents for profile ID: 2
2026-05-09 23:27:57.421 DEBUG 16604 --- [http-nio-9056-exec-7] c.c.g.p.s.impl.ParticipantServiceImpl    : Retrieving documents for profile ID: 2
2026-05-09 23:27:57.425 DEBUG 16604 --- [http-nio-9056-exec-7] org.hibernate.SQL                        : select count(*) from participant_profiles pp1_0 where pp1_0.id=?
2026-05-09 23:27:57.429 DEBUG 16604 --- [http-nio-9056-exec-7] org.hibernate.SQL                        : select d1_0.id,d1_0.document_type,d1_0.file_url,d1_0.profile_id,d1_0.uploaded_date,d1_0.verification_status from documents d1_0 where d1_0.profile_id=?
2026-05-09 23:27:57.433 DEBUG 16604 --- [http-nio-9056-exec-7] c.c.g.p.s.impl.ParticipantServiceImpl    : Retrieved 0 documents for profile ID: 2
2026-05-09 23:27:57.445  INFO 16604 --- [http-nio-9056-exec-8] c.c.g.p.c.ParticipantController          : Received request to fetch documents for profile ID: 2
2026-05-09 23:27:57.445 DEBUG 16604 --- [http-nio-9056-exec-8] c.c.g.p.s.impl.ParticipantServiceImpl    : Retrieving documents for profile ID: 2
2026-05-09 23:27:57.450 DEBUG 16604 --- [http-nio-9056-exec-8] org.hibernate.SQL                        : select count(*) from participant_profiles pp1_0 where pp1_0.id=?
2026-05-09 23:27:57.454 DEBUG 16604 --- [http-nio-9056-exec-8] org.hibernate.SQL                        : select d1_0.id,d1_0.document_type,d1_0.file_url,d1_0.profile_id,d1_0.uploaded_date,d1_0.verification_status from documents d1_0 where d1_0.profile_id=?
2026-05-09 23:27:57.456 DEBUG 16604 --- [http-nio-9056-exec-8] c.c.g.p.s.impl.ParticipantServiceImpl    : Retrieved 0 documents for profile ID: 2
2026-05-09 23:30:48.690  INFO 16604 --- [AsyncResolver-bootstrap-executor-%d] c.n.d.s.r.aws.ConfigClusterResolver      : Resolving eureka endpoints via configuration
2026-05-09 23:35:48.704  INFO 16604 --- [AsyncResolver-bootstrap-executor-%d] c.n.d.s.r.aws.ConfigClusterResolver      : Resolving eureka endpoints via configuration
2026-05-09 23:35:50.815  WARN 16604 --- [http-nio-9056-exec-1] .m.m.a.ExceptionHandlerExceptionResolver : Resolved [org.springframework.web.bind.MethodArgumentNotValidException: Validation failed for argument [1] in public org.springframework.http.ResponseEntity<com.cognizant.greengov.profile.dto.EntityProfileResponseDto> com.cognizant.greengov.profile.controller.ParticipantController.updateParticipantDetails(java.lang.Long,com.cognizant.greengov.profile.dto.ParticipantUpdateRequestDto): [Field error in object 'participantUpdateRequestDto' on field 'address': rejected value []; codes [NotBlank.participantUpdateRequestDto.address,NotBlank.address,NotBlank.java.lang.String,NotBlank]; arguments [org.springframework.context.support.DefaultMessageSourceResolvable: codes [participantUpdateRequestDto.address,address]; arguments []; default message [address]]; default message [must not be blank]] ]
2026-05-09 23:40:48.708  INFO 16604 --- [AsyncResolver-bootstrap-executor-%d] c.n.d.s.r.aws.ConfigClusterResolver      : Resolving eureka endpoints via configuration
2026-05-09 23:45:43.861  INFO 16604 --- [http-nio-9056-exec-2] c.c.g.p.c.ParticipantController          : Received request to fetch participant details for user ID: 2
2026-05-09 23:45:43.861 DEBUG 16604 --- [http-nio-9056-exec-2] c.c.g.p.s.impl.ParticipantServiceImpl    : Fetching participant details from database for user ID: 2
2026-05-09 23:45:43.863 DEBUG 16604 --- [http-nio-9056-exec-2] org.hibernate.SQL                        : select pp1_0.id,pp1_0.address,pp1_0.contact_info,pp1_0.entity_type,pp1_0.legal_name,pp1_0.status,pp1_0.user_id from participant_profiles pp1_0 where pp1_0.user_id=?
2026-05-09 23:45:43.874 DEBUG 16604 --- [http-nio-9056-exec-2] org.hibernate.SQL                        : select d1_0.profile_id,d1_0.id,d1_0.document_type,d1_0.file_url,d1_0.uploaded_date,d1_0.verification_status from documents d1_0 where d1_0.profile_id=?
2026-05-09 23:45:43.906  INFO 16604 --- [http-nio-9056-exec-3] c.c.g.p.c.ParticipantController          : Received request to fetch participant details for user ID: 2
2026-05-09 23:45:43.906 DEBUG 16604 --- [http-nio-9056-exec-3] c.c.g.p.s.impl.ParticipantServiceImpl    : Fetching participant details from database for user ID: 2
2026-05-09 23:45:43.906 DEBUG 16604 --- [http-nio-9056-exec-3] org.hibernate.SQL                        : select pp1_0.id,pp1_0.address,pp1_0.contact_info,pp1_0.entity_type,pp1_0.legal_name,pp1_0.status,pp1_0.user_id from participant_profiles pp1_0 where pp1_0.user_id=?
2026-05-09 23:45:43.912 DEBUG 16604 --- [http-nio-9056-exec-3] org.hibernate.SQL                        : select d1_0.profile_id,d1_0.id,d1_0.document_type,d1_0.file_url,d1_0.uploaded_date,d1_0.verification_status from documents d1_0 where d1_0.profile_id=?
2026-05-09 23:45:43.922  INFO 16604 --- [http-nio-9056-exec-4] c.c.g.p.c.ParticipantController          : Received request to fetch documents for profile ID: 2
2026-05-09 23:45:43.922 DEBUG 16604 --- [http-nio-9056-exec-4] c.c.g.p.s.impl.ParticipantServiceImpl    : Retrieving documents for profile ID: 2
2026-05-09 23:45:43.927 DEBUG 16604 --- [http-nio-9056-exec-4] org.hibernate.SQL                        : select count(*) from participant_profiles pp1_0 where pp1_0.id=?
2026-05-09 23:45:43.929 DEBUG 16604 --- [http-nio-9056-exec-4] org.hibernate.SQL                        : select d1_0.id,d1_0.document_type,d1_0.file_url,d1_0.profile_id,d1_0.uploaded_date,d1_0.verification_status from documents d1_0 where d1_0.profile_id=?
2026-05-09 23:45:43.929 DEBUG 16604 --- [http-nio-9056-exec-4] c.c.g.p.s.impl.ParticipantServiceImpl    : Retrieved 0 documents for profile ID: 2
2026-05-09 23:45:43.960  INFO 16604 --- [http-nio-9056-exec-5] c.c.g.p.c.ParticipantController          : Received request to fetch documents for profile ID: 2
2026-05-09 23:45:43.960 DEBUG 16604 --- [http-nio-9056-exec-5] c.c.g.p.s.impl.ParticipantServiceImpl    : Retrieving documents for profile ID: 2
2026-05-09 23:45:43.962 DEBUG 16604 --- [http-nio-9056-exec-5] org.hibernate.SQL                        : select count(*) from participant_profiles pp1_0 where pp1_0.id=?
2026-05-09 23:45:43.964 DEBUG 16604 --- [http-nio-9056-exec-5] org.hibernate.SQL                        : select d1_0.id,d1_0.document_type,d1_0.file_url,d1_0.profile_id,d1_0.uploaded_date,d1_0.verification_status from documents d1_0 where d1_0.profile_id=?
2026-05-09 23:45:43.974 DEBUG 16604 --- [http-nio-9056-exec-5] c.c.g.p.s.impl.ParticipantServiceImpl    : Retrieved 0 documents for profile ID: 2
2026-05-09 23:45:48.726  INFO 16604 --- [AsyncResolver-bootstrap-executor-%d] c.n.d.s.r.aws.ConfigClusterResolver      : Resolving eureka endpoints via configuration
2026-05-09 23:49:57.512  INFO 16604 --- [http-nio-9056-exec-8] c.c.g.p.c.ParticipantController          : Received request to fetch participant details for user ID: 2
2026-05-09 23:49:57.512 DEBUG 16604 --- [http-nio-9056-exec-8] c.c.g.p.s.impl.ParticipantServiceImpl    : Fetching participant details from database for user ID: 2
2026-05-09 23:49:57.514 DEBUG 16604 --- [http-nio-9056-exec-8] org.hibernate.SQL                        : select pp1_0.id,pp1_0.address,pp1_0.contact_info,pp1_0.entity_type,pp1_0.legal_name,pp1_0.status,pp1_0.user_id from participant_profiles pp1_0 where pp1_0.user_id=?
2026-05-09 23:49:57.520 DEBUG 16604 --- [http-nio-9056-exec-8] org.hibernate.SQL                        : select d1_0.profile_id,d1_0.id,d1_0.document_type,d1_0.file_url,d1_0.uploaded_date,d1_0.verification_status from documents d1_0 where d1_0.profile_id=?
2026-05-09 23:49:57.573  INFO 16604 --- [http-nio-9056-exec-10] c.c.g.p.c.ParticipantController          : Received request to fetch documents for profile ID: 2
2026-05-09 23:49:57.573 DEBUG 16604 --- [http-nio-9056-exec-10] c.c.g.p.s.impl.ParticipantServiceImpl    : Retrieving documents for profile ID: 2
2026-05-09 23:49:57.573 DEBUG 16604 --- [http-nio-9056-exec-10] org.hibernate.SQL                        : select count(*) from participant_profiles pp1_0 where pp1_0.id=?
2026-05-09 23:49:57.573 DEBUG 16604 --- [http-nio-9056-exec-10] org.hibernate.SQL                        : select d1_0.id,d1_0.document_type,d1_0.file_url,d1_0.profile_id,d1_0.uploaded_date,d1_0.verification_status from documents d1_0 where d1_0.profile_id=?
2026-05-09 23:49:57.589 DEBUG 16604 --- [http-nio-9056-exec-10] c.c.g.p.s.impl.ParticipantServiceImpl    : Retrieved 0 documents for profile ID: 2
2026-05-09 23:50:21.722  INFO 16604 --- [http-nio-9056-exec-9] c.c.g.p.c.ParticipantController          : Received request to fetch participant details for user ID: 2
2026-05-09 23:50:21.722 DEBUG 16604 --- [http-nio-9056-exec-9] c.c.g.p.s.impl.ParticipantServiceImpl    : Fetching participant details from database for user ID: 2
2026-05-09 23:50:21.722 DEBUG 16604 --- [http-nio-9056-exec-9] org.hibernate.SQL                        : select pp1_0.id,pp1_0.address,pp1_0.contact_info,pp1_0.entity_type,pp1_0.legal_name,pp1_0.status,pp1_0.user_id from participant_profiles pp1_0 where pp1_0.user_id=?
2026-05-09 23:50:21.722 DEBUG 16604 --- [http-nio-9056-exec-9] org.hibernate.SQL                        : select d1_0.profile_id,d1_0.id,d1_0.document_type,d1_0.file_url,d1_0.uploaded_date,d1_0.verification_status from documents d1_0 where d1_0.profile_id=?
2026-05-09 23:50:21.889  INFO 16604 --- [http-nio-9056-exec-1] c.c.g.p.c.ParticipantController          : Received request to fetch participant details for user ID: 2
2026-05-09 23:50:21.901 DEBUG 16604 --- [http-nio-9056-exec-1] c.c.g.p.s.impl.ParticipantServiceImpl    : Fetching participant details from database for user ID: 2
2026-05-09 23:50:21.901 DEBUG 16604 --- [http-nio-9056-exec-1] org.hibernate.SQL                        : select pp1_0.id,pp1_0.address,pp1_0.contact_info,pp1_0.entity_type,pp1_0.legal_name,pp1_0.status,pp1_0.user_id from participant_profiles pp1_0 where pp1_0.user_id=?
2026-05-09 23:50:21.906 DEBUG 16604 --- [http-nio-9056-exec-1] org.hibernate.SQL                        : select d1_0.profile_id,d1_0.id,d1_0.document_type,d1_0.file_url,d1_0.uploaded_date,d1_0.verification_status from documents d1_0 where d1_0.profile_id=?
2026-05-09 23:50:21.988  INFO 16604 --- [http-nio-9056-exec-2] c.c.g.p.c.ParticipantController          : Received request to fetch documents for profile ID: 2
2026-05-09 23:50:21.988 DEBUG 16604 --- [http-nio-9056-exec-2] c.c.g.p.s.impl.ParticipantServiceImpl    : Retrieving documents for profile ID: 2
2026-05-09 23:50:21.988 DEBUG 16604 --- [http-nio-9056-exec-2] org.hibernate.SQL                        : select count(*) from participant_profiles pp1_0 where pp1_0.id=?
2026-05-09 23:50:21.988  INFO 16604 --- [http-nio-9056-exec-3] c.c.g.p.c.ParticipantController          : Received request to fetch participant details for user ID: 2
2026-05-09 23:50:21.988 DEBUG 16604 --- [http-nio-9056-exec-3] c.c.g.p.s.impl.ParticipantServiceImpl    : Fetching participant details from database for user ID: 2
2026-05-09 23:50:21.988 DEBUG 16604 --- [http-nio-9056-exec-3] org.hibernate.SQL                        : select pp1_0.id,pp1_0.address,pp1_0.contact_info,pp1_0.entity_type,pp1_0.legal_name,pp1_0.status,pp1_0.user_id from participant_profiles pp1_0 where pp1_0.user_id=?
2026-05-09 23:50:22.005 DEBUG 16604 --- [http-nio-9056-exec-2] org.hibernate.SQL                        : select d1_0.id,d1_0.document_type,d1_0.file_url,d1_0.profile_id,d1_0.uploaded_date,d1_0.verification_status from documents d1_0 where d1_0.profile_id=?
2026-05-09 23:50:22.005 DEBUG 16604 --- [http-nio-9056-exec-2] c.c.g.p.s.impl.ParticipantServiceImpl    : Retrieved 0 documents for profile ID: 2
2026-05-09 23:50:22.005 DEBUG 16604 --- [http-nio-9056-exec-3] org.hibernate.SQL                        : select d1_0.profile_id,d1_0.id,d1_0.document_type,d1_0.file_url,d1_0.uploaded_date,d1_0.verification_status from documents d1_0 where d1_0.profile_id=?
2026-05-09 23:50:22.243  INFO 16604 --- [http-nio-9056-exec-4] c.c.g.p.c.ParticipantController          : Received request to fetch documents for profile ID: 2
2026-05-09 23:50:22.243 DEBUG 16604 --- [http-nio-9056-exec-4] c.c.g.p.s.impl.ParticipantServiceImpl    : Retrieving documents for profile ID: 2
2026-05-09 23:50:22.243 DEBUG 16604 --- [http-nio-9056-exec-4] org.hibernate.SQL                        : select count(*) from participant_profiles pp1_0 where pp1_0.id=?
2026-05-09 23:50:22.258 DEBUG 16604 --- [http-nio-9056-exec-4] org.hibernate.SQL                        : select d1_0.id,d1_0.document_type,d1_0.file_url,d1_0.profile_id,d1_0.uploaded_date,d1_0.verification_status from documents d1_0 where d1_0.profile_id=?
2026-05-09 23:50:22.265 DEBUG 16604 --- [http-nio-9056-exec-4] c.c.g.p.s.impl.ParticipantServiceImpl    : Retrieved 0 documents for profile ID: 2
2026-05-09 23:50:48.737  INFO 16604 --- [AsyncResolver-bootstrap-executor-%d] c.n.d.s.r.aws.ConfigClusterResolver      : Resolving eureka endpoints via configuration
2026-05-09 23:52:36.053  INFO 16604 --- [http-nio-9056-exec-7] c.c.g.p.c.ParticipantController          : Received request to fetch participant details for user ID: 2
2026-05-09 23:52:36.053 DEBUG 16604 --- [http-nio-9056-exec-7] c.c.g.p.s.impl.ParticipantServiceImpl    : Fetching participant details from database for user ID: 2
2026-05-09 23:52:36.053 DEBUG 16604 --- [http-nio-9056-exec-7] org.hibernate.SQL                        : select pp1_0.id,pp1_0.address,pp1_0.contact_info,pp1_0.entity_type,pp1_0.legal_name,pp1_0.status,pp1_0.user_id from participant_profiles pp1_0 where pp1_0.user_id=?
2026-05-09 23:52:36.061 DEBUG 16604 --- [http-nio-9056-exec-7] org.hibernate.SQL                        : select d1_0.profile_id,d1_0.id,d1_0.document_type,d1_0.file_url,d1_0.uploaded_date,d1_0.verification_status from documents d1_0 where d1_0.profile_id=?
2026-05-09 23:52:36.102  INFO 16604 --- [http-nio-9056-exec-8] c.c.g.p.c.ParticipantController          : Received request to fetch documents for profile ID: 2
2026-05-09 23:52:36.102 DEBUG 16604 --- [http-nio-9056-exec-8] c.c.g.p.s.impl.ParticipantServiceImpl    : Retrieving documents for profile ID: 2
2026-05-09 23:52:36.117 DEBUG 16604 --- [http-nio-9056-exec-8] org.hibernate.SQL                        : select count(*) from participant_profiles pp1_0 where pp1_0.id=?
2026-05-09 23:52:36.127 DEBUG 16604 --- [http-nio-9056-exec-8] org.hibernate.SQL                        : select d1_0.id,d1_0.document_type,d1_0.file_url,d1_0.profile_id,d1_0.uploaded_date,d1_0.verification_status from documents d1_0 where d1_0.profile_id=?
2026-05-09 23:52:36.133 DEBUG 16604 --- [http-nio-9056-exec-8] c.c.g.p.s.impl.ParticipantServiceImpl    : Retrieved 0 documents for profile ID: 2
2026-05-09 23:52:47.139  INFO 16604 --- [http-nio-9056-exec-10] c.c.g.p.c.ParticipantController          : Received request to update participant details for profile ID: 2
2026-05-09 23:52:47.147 DEBUG 16604 --- [http-nio-9056-exec-10] c.c.g.p.s.impl.ParticipantServiceImpl    : Updating participant details for profile ID: 2
2026-05-09 23:52:47.152 DEBUG 16604 --- [http-nio-9056-exec-10] org.hibernate.SQL                        : select pp1_0.id,pp1_0.address,pp1_0.contact_info,pp1_0.entity_type,pp1_0.legal_name,pp1_0.status,pp1_0.user_id from participant_profiles pp1_0 where pp1_0.id=?
2026-05-09 23:52:47.155 DEBUG 16604 --- [http-nio-9056-exec-10] c.c.g.p.s.impl.ParticipantServiceImpl    : Participant details updated successfully for profile ID: 2
2026-05-09 23:52:47.155 DEBUG 16604 --- [http-nio-9056-exec-10] org.hibernate.SQL                        : select d1_0.profile_id,d1_0.id,d1_0.document_type,d1_0.file_url,d1_0.uploaded_date,d1_0.verification_status from documents d1_0 where d1_0.profile_id=?
2026-05-09 23:52:47.206 DEBUG 16604 --- [http-nio-9056-exec-10] org.hibernate.SQL                        : update participant_profiles set address=?,contact_info=?,entity_type=?,legal_name=?,status=?,user_id=? where id=?
2026-05-09 23:52:47.271  INFO 16604 --- [http-nio-9056-exec-9] c.c.g.p.c.ParticipantController          : Received request to fetch participant details for user ID: 2
2026-05-09 23:52:47.271 DEBUG 16604 --- [http-nio-9056-exec-9] c.c.g.p.s.impl.ParticipantServiceImpl    : Fetching participant details from database for user ID: 2
2026-05-09 23:52:47.271 DEBUG 16604 --- [http-nio-9056-exec-9] org.hibernate.SQL                        : select pp1_0.id,pp1_0.address,pp1_0.contact_info,pp1_0.entity_type,pp1_0.legal_name,pp1_0.status,pp1_0.user_id from participant_profiles pp1_0 where pp1_0.user_id=?
2026-05-09 23:52:47.285 DEBUG 16604 --- [http-nio-9056-exec-9] org.hibernate.SQL                        : select d1_0.profile_id,d1_0.id,d1_0.document_type,d1_0.file_url,d1_0.uploaded_date,d1_0.verification_status from documents d1_0 where d1_0.profile_id=?
2026-05-09 23:52:47.336  INFO 16604 --- [http-nio-9056-exec-1] c.c.g.p.c.ParticipantController          : Received request to fetch documents for profile ID: 2
2026-05-09 23:52:47.336 DEBUG 16604 --- [http-nio-9056-exec-1] c.c.g.p.s.impl.ParticipantServiceImpl    : Retrieving documents for profile ID: 2
2026-05-09 23:52:47.336 DEBUG 16604 --- [http-nio-9056-exec-1] org.hibernate.SQL                        : select count(*) from participant_profiles pp1_0 where pp1_0.id=?
2026-05-09 23:52:47.353 DEBUG 16604 --- [http-nio-9056-exec-1] org.hibernate.SQL                        : select d1_0.id,d1_0.document_type,d1_0.file_url,d1_0.profile_id,d1_0.uploaded_date,d1_0.verification_status from documents d1_0 where d1_0.profile_id=?
2026-05-09 23:52:47.353 DEBUG 16604 --- [http-nio-9056-exec-1] c.c.g.p.s.impl.ParticipantServiceImpl    : Retrieved 0 documents for profile ID: 2
2026-05-09 23:54:27.784  INFO 16604 --- [http-nio-9056-exec-3] c.c.g.p.c.ParticipantController          : Received request to fetch participant details for user ID: 3
2026-05-09 23:54:27.784 DEBUG 16604 --- [http-nio-9056-exec-3] c.c.g.p.s.impl.ParticipantServiceImpl    : Fetching participant details from database for user ID: 3
2026-05-09 23:54:27.784 DEBUG 16604 --- [http-nio-9056-exec-3] org.hibernate.SQL                        : select pp1_0.id,pp1_0.address,pp1_0.contact_info,pp1_0.entity_type,pp1_0.legal_name,pp1_0.status,pp1_0.user_id from participant_profiles pp1_0 where pp1_0.user_id=?
2026-05-09 23:54:27.803 ERROR 16604 --- [http-nio-9056-exec-3] c.c.g.p.s.impl.ParticipantServiceImpl    : Failed to find participant profile for User ID: 3
2026-05-09 23:54:27.803  WARN 16604 --- [http-nio-9056-exec-3] .m.m.a.ExceptionHandlerExceptionResolver : Resolved [com.cognizant.greengov.profile.exception.ResourceNotFoundException: Profile not found for User ID: 3]
2026-05-09 23:54:48.400  INFO 16604 --- [http-nio-9056-exec-4] c.c.g.p.c.ParticipantController          : Received request to fetch participant details for user ID: 2
2026-05-09 23:54:48.400 DEBUG 16604 --- [http-nio-9056-exec-4] c.c.g.p.s.impl.ParticipantServiceImpl    : Fetching participant details from database for user ID: 2
2026-05-09 23:54:48.402 DEBUG 16604 --- [http-nio-9056-exec-4] org.hibernate.SQL                        : select pp1_0.id,pp1_0.address,pp1_0.contact_info,pp1_0.entity_type,pp1_0.legal_name,pp1_0.status,pp1_0.user_id from participant_profiles pp1_0 where pp1_0.user_id=?
2026-05-09 23:54:48.408 DEBUG 16604 --- [http-nio-9056-exec-4] org.hibernate.SQL                        : select d1_0.profile_id,d1_0.id,d1_0.document_type,d1_0.file_url,d1_0.uploaded_date,d1_0.verification_status from documents d1_0 where d1_0.profile_id=?
2026-05-09 23:54:48.476  INFO 16604 --- [http-nio-9056-exec-5] c.c.g.p.c.ParticipantController          : Received request to fetch participant details for user ID: 2
2026-05-09 23:54:48.476 DEBUG 16604 --- [http-nio-9056-exec-5] c.c.g.p.s.impl.ParticipantServiceImpl    : Fetching participant details from database for user ID: 2
2026-05-09 23:54:48.478 DEBUG 16604 --- [http-nio-9056-exec-5] org.hibernate.SQL                        : select pp1_0.id,pp1_0.address,pp1_0.contact_info,pp1_0.entity_type,pp1_0.legal_name,pp1_0.status,pp1_0.user_id from participant_profiles pp1_0 where pp1_0.user_id=?
2026-05-09 23:54:48.483 DEBUG 16604 --- [http-nio-9056-exec-5] org.hibernate.SQL                        : select d1_0.profile_id,d1_0.id,d1_0.document_type,d1_0.file_url,d1_0.uploaded_date,d1_0.verification_status from documents d1_0 where d1_0.profile_id=?
2026-05-09 23:54:48.501  INFO 16604 --- [http-nio-9056-exec-6] c.c.g.p.c.ParticipantController          : Received request to fetch participant details for user ID: 2
2026-05-09 23:54:48.501 DEBUG 16604 --- [http-nio-9056-exec-6] c.c.g.p.s.impl.ParticipantServiceImpl    : Fetching participant details from database for user ID: 2
2026-05-09 23:54:48.501 DEBUG 16604 --- [http-nio-9056-exec-6] org.hibernate.SQL                        : select pp1_0.id,pp1_0.address,pp1_0.contact_info,pp1_0.entity_type,pp1_0.legal_name,pp1_0.status,pp1_0.user_id from participant_profiles pp1_0 where pp1_0.user_id=?
2026-05-09 23:54:48.510 DEBUG 16604 --- [http-nio-9056-exec-6] org.hibernate.SQL                        : select d1_0.profile_id,d1_0.id,d1_0.document_type,d1_0.file_url,d1_0.uploaded_date,d1_0.verification_status from documents d1_0 where d1_0.profile_id=?
2026-05-09 23:54:48.517  INFO 16604 --- [http-nio-9056-exec-7] c.c.g.p.c.ParticipantController          : Received request to fetch documents for profile ID: 2
2026-05-09 23:54:48.517 DEBUG 16604 --- [http-nio-9056-exec-7] c.c.g.p.s.impl.ParticipantServiceImpl    : Retrieving documents for profile ID: 2
2026-05-09 23:54:48.517 DEBUG 16604 --- [http-nio-9056-exec-7] org.hibernate.SQL                        : select count(*) from participant_profiles pp1_0 where pp1_0.id=?
2026-05-09 23:54:48.526 DEBUG 16604 --- [http-nio-9056-exec-7] org.hibernate.SQL                        : select d1_0.id,d1_0.document_type,d1_0.file_url,d1_0.profile_id,d1_0.uploaded_date,d1_0.verification_status from documents d1_0 where d1_0.profile_id=?
2026-05-09 23:54:48.526 DEBUG 16604 --- [http-nio-9056-exec-7] c.c.g.p.s.impl.ParticipantServiceImpl    : Retrieved 0 documents for profile ID: 2
2026-05-09 23:54:48.550  INFO 16604 --- [http-nio-9056-exec-8] c.c.g.p.c.ParticipantController          : Received request to fetch documents for profile ID: 2
2026-05-09 23:54:48.550 DEBUG 16604 --- [http-nio-9056-exec-8] c.c.g.p.s.impl.ParticipantServiceImpl    : Retrieving documents for profile ID: 2
2026-05-09 23:54:48.554 DEBUG 16604 --- [http-nio-9056-exec-8] org.hibernate.SQL                        : select count(*) from participant_profiles pp1_0 where pp1_0.id=?
2026-05-09 23:54:48.561 DEBUG 16604 --- [http-nio-9056-exec-8] org.hibernate.SQL                        : select d1_0.id,d1_0.document_type,d1_0.file_url,d1_0.profile_id,d1_0.uploaded_date,d1_0.verification_status from documents d1_0 where d1_0.profile_id=?
2026-05-09 23:54:48.563 DEBUG 16604 --- [http-nio-9056-exec-8] c.c.g.p.s.impl.ParticipantServiceImpl    : Retrieved 0 documents for profile ID: 2
2026-05-09 23:55:14.653  WARN 16604 --- [http-nio-9056-exec-10] .m.m.a.ExceptionHandlerExceptionResolver : Resolved [org.springframework.web.bind.MethodArgumentNotValidException: Validation failed for argument [1] in public org.springframework.http.ResponseEntity<com.cognizant.greengov.profile.dto.EntityProfileResponseDto> com.cognizant.greengov.profile.controller.ParticipantController.updateParticipantDetails(java.lang.Long,com.cognizant.greengov.profile.dto.ParticipantUpdateRequestDto): [Field error in object 'participantUpdateRequestDto' on field 'legalName': rejected value []; codes [NotBlank.participantUpdateRequestDto.legalName,NotBlank.legalName,NotBlank.java.lang.String,NotBlank]; arguments [org.springframework.context.support.DefaultMessageSourceResolvable: codes [participantUpdateRequestDto.legalName,legalName]; arguments []; default message [legalName]]; default message [must not be blank]] ]
2026-05-09 23:55:48.749  INFO 16604 --- [AsyncResolver-bootstrap-executor-%d] c.n.d.s.r.aws.ConfigClusterResolver      : Resolving eureka endpoints via configuration
2026-05-09 23:56:21.494  INFO 16604 --- [http-nio-9056-exec-1] c.c.g.p.c.ParticipantController          : Received request to fetch participant details for user ID: 2
2026-05-09 23:56:21.494 DEBUG 16604 --- [http-nio-9056-exec-1] c.c.g.p.s.impl.ParticipantServiceImpl    : Fetching participant details from database for user ID: 2
2026-05-09 23:56:21.494 DEBUG 16604 --- [http-nio-9056-exec-1] org.hibernate.SQL                        : select pp1_0.id,pp1_0.address,pp1_0.contact_info,pp1_0.entity_type,pp1_0.legal_name,pp1_0.status,pp1_0.user_id from participant_profiles pp1_0 where pp1_0.user_id=?
2026-05-09 23:56:21.500 DEBUG 16604 --- [http-nio-9056-exec-1] org.hibernate.SQL                        : select d1_0.profile_id,d1_0.id,d1_0.document_type,d1_0.file_url,d1_0.uploaded_date,d1_0.verification_status from documents d1_0 where d1_0.profile_id=?
2026-05-09 23:56:21.532  INFO 16604 --- [http-nio-9056-exec-2] c.c.g.p.c.ParticipantController          : Received request to fetch documents for profile ID: 2
2026-05-09 23:56:21.532 DEBUG 16604 --- [http-nio-9056-exec-2] c.c.g.p.s.impl.ParticipantServiceImpl    : Retrieving documents for profile ID: 2
2026-05-09 23:56:21.542 DEBUG 16604 --- [http-nio-9056-exec-2] org.hibernate.SQL                        : select count(*) from participant_profiles pp1_0 where pp1_0.id=?
2026-05-09 23:56:21.550 DEBUG 16604 --- [http-nio-9056-exec-2] org.hibernate.SQL                        : select d1_0.id,d1_0.document_type,d1_0.file_url,d1_0.profile_id,d1_0.uploaded_date,d1_0.verification_status from documents d1_0 where d1_0.profile_id=?
2026-05-09 23:56:21.550 DEBUG 16604 --- [http-nio-9056-exec-2] c.c.g.p.s.impl.ParticipantServiceImpl    : Retrieved 0 documents for profile ID: 2
